;mCPUE;bootstrapMean;median;Q025;Q975;BiasCQ025;BiasCQ075;sd
1;0;0;0;0;0;0;0;0
2;11.01655296;10.17916542;10.0017137;4.352334911;17.8147679;2.241216087;2.241216087;3.471110418
3;1.645887639;6.331931923;5.002146124;0.945922478;20.03624149;0.296531405;0.296531405;4.872833
4;6.057656727;10.69389261;10.3623174;5.380066653;17.20974054;4.435172674;4.435172674;3.08505164
5;2.728191962;1.276436832;1.104011256;0.415728767;2.849776108;0.294207263;0.294207263;0.770934273
6;1.190062843;0.53645608;0.512651128;0.158149538;1.067445216;0.064638269;0.064638269;0.246185592
7;0.085553152;0.173222204;0.146301529;0;0.515270749;0;0;0.145572091
8;0.091870779;0.08033902;0.059452446;0;0.251538457;0;0.052495277;0.074641009
9;0;0.030244786;0;0;0.152524003;0;0.052201412;0.04324926
10;0.477276191;0.330472227;0.250021704;0.037135165;1.131568804;0;0;0.338591462
11;0;0;0;0;0;0;0;0
12;10.63590486;10.28817738;9.902960958;4.944071084;16.77377455;2.851701307;2.851701307;3.074802648
13;5.013950861;6.637229747;5.286276836;1.337514206;17.42539053;0.722275491;0.722275491;4.563040832
14;7.158533933;10.5459501;10.25936821;6.370240906;15.52132805;4.304074967;4.304074967;2.399455219
15;1.909454815;1.223318374;1.04858418;0.417271013;2.832454496;0.291851103;0.291851103;0.649894367
16;0.759566155;0.529197304;0.51132007;0.213303867;0.924380682;0.144926681;0.144926681;0.185951921
17;0.213852349;0.151660227;0.127935991;0.017400471;0.442841033;0;0;0.109670278
18;0.020579693;0.080067583;0.070068954;0;0.240853377;0;0.014408148;0.064803493
19;0;0.028674938;0.020880565;0;0.125993264;0;0.02391825;0.037332502
20;0.305317575;0.3659889;0.261989359;0.074946534;1.521922293;3.04402E-15;0.000188208;0.394107788
21;0;0;0;0;0;0;0;0
22;8.096363875;10.31776421;10.01098085;5.377280592;16.33340214;3.647427578;3.647427578;2.858979513
23;3.879818658;6.859048738;5.820618104;1.690474854;15.83821965;0.741019603;0.741019603;3.947694311
24;6.908985772;10.73553237;10.67214069;6.483381786;15.14955558;4.670231014;4.670231014;2.358355798
25;1.097458869;1.251217198;1.092756869;0.498808916;2.634860504;0.364227385;0.364227385;0.605957354
26;0.62173881;0.520305927;0.502372219;0.262113945;0.89264551;0.201814762;0.201814762;0.164919285
27;0.243874595;0.161506657;0.141734642;0.025475333;0.418647817;0.008700235;0.008700235;0.098176381
28;0.077935592;0.084818279;0.077401613;0;0.23609013;0;0;0.062380958
29;0.008700235;0.02907396;0.020880565;0;0.098539402;0;0.016727515;0.029273203
30;0.347311103;0.335701443;0.272390931;0.099867026;0.88262902;0.049513554;0.049513554;0.271798875
31;0;0;0;0;0;0;0;0
32;9.819139756;10.40465516;10.2617001;6.944961873;14.65300724;5.420612221;5.420612221;2.027128389
33;12.60183681;7.096771181;6.723293304;2.639736442;13.77949882;1.259213739;1.259213739;2.919667343
34;11.5171884;10.80770941;10.62023641;7.358071003;14.87307813;5.403137351;5.403137351;1.898848625
35;0.752171932;1.047081608;0.895315379;0.566811521;1.998333368;0.285239242;0.285239242;0.421798248
36;0.429437039;0.488933159;0.489633837;0.269799718;0.70951641;0.182755327;0.182755327;0.109659646
37;0.107271145;0.147554104;0.137746311;0.056298781;0.296132556;3.15055E-15;0.000194794;0.061738609
38;0.041802501;0.084041238;0.078779953;0.008917867;0.184824342;0;0;0.045293075
39;0.077753437;0.030386453;0.027025338;0;0.079714625;0;0;0.021809006
40;0.329059848;0.294254186;0.280164308;0.143448081;0.546369045;0.085328298;0.085328298;0.106302807
41;0;0;0;0;0;0;0;0
42;10.85798376;10.37187587;10.2474087;7.429148082;13.73537501;6.143178858;6.143178858;1.663335415
43;4.315444642;7.27298183;6.958940692;3.348325487;12.76744582;1.97677835;1.97677835;2.51387383
44;10.99561498;10.70693759;10.59564683;7.721110618;13.8802297;6.73907615;6.73907615;1.599966587
45;0.927950592;0.947573849;0.838007689;0.57031662;1.79561651;0.455559472;0.455559472;0.336629313
46;0.579489628;0.491626451;0.48455378;0.320672675;0.689315747;0.271020886;0.271020886;0.093329318
47;0.106238184;0.144595996;0.137302226;0.073404904;0.258472378;0.047053111;0.047053111;0.048394471
48;0.049662776;0.085880139;0.084153266;0.021548215;0.163299135;0.007040421;0.007040421;0.035247249
49;0.059512988;0.03001447;0.028874692;0.003866771;0.069826202;0;0;0.016967627
50;0.188253953;0.286764524;0.280891149;0.152320685;0.482020996;0.116627561;0.116627561;0.082618166
51;0;0;0;0;0;0;0;0
52;8.295321752;10.41884956;10.31546388;7.759846119;13.28787233;6.527829139;6.527829139;1.468589831
53;6.972802425;7.495688689;7.171816755;3.698664015;13.54014187;2.400071799;2.400071799;2.537406504
54;10.2199056;10.89682176;10.87033668;8.305925785;14.15049106;7.102056329;7.102056329;1.484018042
55;0.696693762;0.877725176;0.818548608;0.60869836;1.674612226;0.56079509;0.56079509;0.245048689
56;0.540620046;0.485845603;0.480475049;0.341367493;0.652441955;0.302262719;0.302262719;0.080946754
57;0.099713692;0.135712583;0.132274459;0.071746179;0.221969805;0.0548747;0.0548747;0.036946455
58;0.085040731;0.087700102;0.088302809;0.026400207;0.15201556;0.015337351;0.015337351;0.031630176
59;0.046200347;0.03303318;0.03211121;0.007723865;0.065206473;2.28215E-16;1.41102E-05;0.015439986
60;0.187582881;0.277381322;0.267947648;0.15824223;0.432788405;0.134724019;0.134724019;0.070128251
61;0;0;0;0;0;0;0;0
62;11.44009688;10.31327213;10.26425851;7.759158262;13.26760857;6.883235029;6.883235029;1.383961837
63;9.171106202;7.309037858;7.073710619;3.710705933;12.01054999;2.565007467;2.565007467;2.127714304
64;8.921480756;10.71175701;10.6495052;8.303247086;13.75118837;7.236110488;7.236110488;1.344850094
65;0.770632176;0.866323176;0.819131229;0.64804508;1.677088712;0.506884489;0.506884489;0.223506973
66;0.551497557;0.478573253;0.475500983;0.349014285;0.618922386;0.281822793;0.281822793;0.069893953
67;0.120653413;0.13581017;0.131851789;0.079575322;0.20894469;0.063567707;0.063567707;0.03438232
68;0.086475681;0.086933105;0.084801861;0.033871262;0.147899549;0.020630069;0.020630069;0.028336318
69;0.046838944;0.030901332;0.030380098;0.007533273;0.060290705;0.001933386;0.001933386;0.013218748
70;0.322676962;0.275795613;0.265886551;0.174063949;0.42951718;0.114519527;0.114519527;0.06731478
71;0;0;0;0;0;0;0;0
72;11.04265367;10.49433669;10.29620698;3.818948842;19.26900958;2.515431922;2.515431922;3.849185937
73;1.652205266;6.887488195;5.116032578;0.990067074;20.11108721;0.380410187;0.380410187;5.282827225
74;6.025460749;10.84631846;10.4477064;6.152781475;17.18333564;4.76350562;4.76350562;3.012572883
75;2.728740337;1.313465046;1.143053302;0.389080127;3.252372861;0.20358017;0.20358017;0.731958286
76;1.189292113;0.527052978;0.49910267;0.146163794;1.081608241;5.84809E-15;0.000361579;0.235341551
77;0.085553152;0.178434912;0.139127082;0;0.532859534;0;0;0.147726778
78;0.091870779;0.08565191;0.059452446;0;0.296611764;0;0.053507202;0.084661912
79;0;0.029167207;0.017400471;0;0.137977473;0;0.035877375;0.039917837
80;0.477276191;0.346315195;0.258688367;0.041261295;1.071241708;0;0;0.354768215
81;0;0;0;0;0;0;0;0
82;10.5800149;10.41018286;10.13888602;4.920148453;16.75817703;2.057064835;2.057064835;3.124062373
83;4.932777082;6.685083828;5.420844471;1.31209884;18.21924939;0.410459426;0.410459426;4.711242654
84;7.361821642;10.67051477;10.38539054;6.35138405;15.70375958;3.783712663;3.783712663;2.530740988
85;1.873219343;1.273739746;1.181368708;0.423322491;2.658084017;0.223782426;0.223782426;0.582720622
86;0.729577656;0.534328871;0.518386064;0.20303005;0.962119084;0.120989338;0.120989338;0.193488947
87;0.213852349;0.168072557;0.146262142;0.024696875;0.412014712;0;0;0.11854384
88;0.020579693;0.081374298;0.071919121;0;0.232165441;0;0.010440282;0.063900339
89;0;0.030720942;0.020880565;0;0.125589076;0;0.017400471;0.035756265
90;0.305317575;0.34295168;0.259034587;0.08166736;1.101200443;3.44082E-15;0.000212741;0.298223378
91;0;0;0;0;0;0;0;0
92;8.211641992;10.19413684;10.13594759;5.458930855;15.6511194;3.702492738;3.702492738;2.734547777
93;3.699737905;6.620900944;5.69244409;1.492306995;16.99746321;0.784188118;0.784188118;3.953115602
94;6.968317372;10.45569508;10.34833482;6.664366945;15.54043261;4.279273615;4.279273615;2.280294534
95;1.104650016;1.196149111;1.03364298;0.460461798;2.539336517;0.362979444;0.362979444;0.559730485
96;0.6200187;0.506456346;0.484756943;0.228227572;0.879212695;0.007549458;0.007549458;0.171101454
97;0.243874595;0.157113643;0.14367968;0.030233318;0.362808263;6.84644E-16;4.23306E-05;0.086137088
98;0.077935592;0.086067338;0.07722271;0;0.227359273;0;0;0.061237682
99;0.008700235;0.032273104;0.02391825;0;0.110053844;0;0.010440282;0.031793301
100;0.347311103;0.336719427;0.275613452;0.092009218;1.006452648;0.029893028;0.029893028;0.246665293
101;0;0;0;0;0;0;0;0
102;9.567378693;10.31928063;10.23379678;6.792779746;14.31530069;5.801510093;5.801510093;1.961071474
103;12.64912578;7.330111161;6.876213239;2.505439743;14.31542718;1.91831316;1.91831316;3.057962571
104;11.69758872;10.72095899;10.52918435;7.470878621;14.47720318;6.504780585;6.504780585;1.86700879
105;0.796383;1.065529746;0.900286073;0.549489571;2.091532528;0.378629429;0.378629429;0.452780057
106;0.409297739;0.489821926;0.486249576;0.29966959;0.699217353;0.174343642;0.174343642;0.108477623
107;0.107271145;0.148302193;0.14035896;0.059080692;0.285517742;0.01977791;0.01977791;0.058904201
108;0.041802501;0.08399711;0.078358394;0.014703425;0.166689014;3.86528E-16;2.38985E-05;0.041575029
109;0.077753437;0.031109092;0.027401303;0;0.083340726;0;0;0.021354115
110;0.329059848;0.289267393;0.271006552;0.130472619;0.553466926;0.097161427;0.097161427;0.108890965
111;0;0;0;0;0;0;0;0
112;10.83035016;10.22058404;10.18312065;7.089776914;13.51627562;6.357246448;6.357246448;1.702727223
113;4.241261817;7.280118672;6.920130304;2.838214684;13.25378021;1.637316422;1.637316422;2.838605446
114;11.12922281;10.97386394;10.87167667;7.854180595;14.68741716;6.643439753;6.643439753;1.737286583
115;0.920257747;0.947492447;0.854671463;0.591556027;1.842807243;0.536733804;0.536733804;0.321619228
116;0.555391076;0.472453986;0.469982784;0.324249865;0.652593897;0.265951747;0.265951747;0.088593788
117;0.106238184;0.13947226;0.135256885;0.068379908;0.247657707;0.02671485;0.02671485;0.044574416
118;0.049662776;0.083292406;0.080031894;0.023848871;0.16039755;0.005800157;0.005800157;0.034589882
119;0.059512988;0.030880839;0.028537818;0.003866771;0.072510875;0;0;0.017257154
120;0.188253953;0.282395908;0.269139023;0.14711978;0.471869725;0.074743771;0.074743771;0.086379748
121;0;0;0;0;0;0;0;0
122;8.175396109;10.13291951;10.04801827;7.386957501;13.16038361;5.813783594;5.813783594;1.487695576
123;6.94994768;7.290099851;7.063212183;3.46228293;12.15958923;2.848090579;2.848090579;2.254563168
124;10.3523952;10.8897097;10.71030448;8.262361922;14.40380237;6.554306077;6.554306077;1.529929212
125;0.716819213;0.885655375;0.821400127;0.602461055;1.788640792;0.547853893;0.547853893;0.271529314
126;0.531705318;0.461715012;0.456837018;0.31713367;0.634498814;0.270228512;0.270228512;0.080154483
127;0.099713692;0.136024964;0.130768612;0.078894877;0.232111194;0.046136232;0.046136232;0.037937794
128;0.084120798;0.082468884;0.083195116;0.029628744;0.143401831;0.012018814;0.012018814;0.029516173
129;0.046200347;0.031333889;0.030495533;0.006605878;0.060624302;1.90179E-16;1.17585E-05;0.014226515
130;0.187582881;0.28261933;0.269097966;0.16435178;0.448436627;0.134273693;0.134273693;0.077741264
131;0;0;0;0;0;0;0;0
132;11.31980734;10.28012545;10.24558677;7.995244068;12.85778375;6.964983512;6.964983512;1.269074491
133;9.128597584;7.325271228;7.095225686;3.867547035;12.17358236;2.367145267;2.367145267;2.098416975
134;9.097886173;10.90623987;10.85777949;8.626482312;13.63377399;7.767404637;7.767404637;1.326916949
135;0.791470618;0.883339254;0.833721174;0.646492946;1.672743821;0.457460642;0.457460642;0.233971194
136;0.519045041;0.468104117;0.461921711;0.348430619;0.627772154;0.302189761;0.302189761;0.067497018
137;0.120653413;0.138437425;0.1360103;0.085646288;0.212730395;0.067867001;0.067867001;0.032646539
138;0.084482493;0.083861696;0.081913111;0.038492035;0.144464419;0.022091189;0.022091189;0.02710519
139;0.046838944;0.031961673;0.031438185;0.010424925;0.062501129;0;0;0.013124216
140;0.322676962;0.282231538;0.269794899;0.165952896;0.441957194;0.127986593;0.127986593;0.072405409
141;0;0;0;0;0;0;0;0
142;7.809151708;6.347093089;5.457236969;1.162761042;15.67837426;0.584358265;0.584358265;3.962779755
143;25.35290189;44.97187863;35.20280453;19.39051534;122.5322814;14.20466797;14.20466797;28.88850275
144;2.932730335;4.077180368;2.940403458;1.011689168;12.25752915;0.520918532;0.520918532;3.234155452
145;0.443271228;2.131216614;1.413200378;0.597018325;8.25340639;0.38987595;0.38987595;2.056676104
146;0.039021658;1.427030081;0.548041136;0.073400201;12.96514381;0.016721;0.016721;3.766760143
147;0.035877375;0.16596189;0.14309449;0;0.41162689;0;0;0.109039943
148;0;0.085273069;0.029726223;0;0.416167123;0;0.089178669;0.123993935
149;0;0;0;0;0;0;0;0
150;0.321697617;0.248481571;0.244216655;0.060265021;0.525257532;0.017938688;0.017938688;0.118674394
151;0;0;0;0;0;0;0;0
152;4.875730034;6.334935255;5.604369527;1.924987231;14.86303566;0.611079615;0.611079615;3.37785446
153;27.77775264;44.09148534;37.19279553;20.68636516;108.4178398;16.95213839;16.95213839;22.43073213
154;1.685020591;3.734351544;2.78816748;1.238846781;10.48406398;0.802391718;0.802391718;2.623585253
155;0.690212052;1.958500723;1.417307038;0.671078603;6.136163746;0.449141123;0.449141123;1.576344345
156;0.602623108;1.431635591;0.560398622;0.175296568;11.580059;0.090375166;0.090375166;3.218044633
157;0.196398641;0.172041021;0.158928561;0.02230869;0.410241242;0;0;0.095733574
158;0;0.076395384;0.041159386;0;0.309099638;0;0.041159386;0.09341679
159;0;0;0;0;0;0;0;0
160;0.145504597;0.237985768;0.229143256;0.076807778;0.451903177;0.040876068;0.040876068;0.098735844
161;0;0;0;0;0;0;0;0
162;3.444881418;6.011616443;5.518203184;2.055080517;12.37211002;1.33637852;1.33637852;2.799950875
163;31.94336953;42.8002029;37.35195856;21.40005146;84.02815695;19.1976184;19.1976184;17.71022109
164;2.539953819;3.531669719;2.85658197;1.45175546;8.874594454;1.233900072;1.233900072;2.059510585
165;1.358853088;1.820644893;1.468901461;0.771891212;4.563758619;0.517535704;0.517535704;1.092450285
166;0.18695404;1.690580427;0.548245027;0.190980289;13.75648157;0.126500099;0.126500099;3.460585032
167;0.085971457;0.178351359;0.167478345;0.040792984;0.383363937;0.008700235;0.008700235;0.088169875
168;0.028161685;0.082110717;0.062949649;0;0.283568365;0;0.021121264;0.080851848
169;0;0;0;0;0;0;0;0
170;0.220476229;0.235646468;0.22445698;0.086665352;0.429539646;0.033690662;0.033690662;0.086635716
171;0;0;0;0;0;0;0;0
172;6.845987398;6.161485871;5.812303892;2.920144933;11.0628164;1.987188835;1.987188835;2.076039442
173;64.10933847;44.1063808;40.53579897;27.80702749;76.57890107;18.75649524;18.75649524;12.99307438
174;5.893182062;3.600766206;3.072821505;1.77791932;7.590810775;1.306100053;1.306100053;1.646515701
175;2.931286512;1.751214417;1.510476669;0.976303262;3.740522758;0.768148431;0.768148431;0.714653715
176;0.400720369;1.442018992;0.595470335;0.310081508;10.91903137;0.207744784;0.207744784;2.770688855
177;0.165906512;0.179582691;0.17210917;0.078621952;0.316981742;0.041625888;0.041625888;0.061572988
178;0.053719629;0.069070702;0.062568905;0;0.176782328;0;0;0.050336582
179;0;0;0;0;0;0;0;0
180;0.245621156;0.239623056;0.236843998;0.132426049;0.388557995;0.065794119;0.065794119;0.062994347
181;0;0;0;0;0;0;0;0
182;4.549188267;6.308573559;6.102639828;3.692934689;9.644376739;2.551859814;2.551859814;1.642573436
183;37.21332001;44.40996592;42.09676185;28.1519199;70.14339366;20.75444045;20.75444045;11.21629648
184;2.515026813;3.36073913;3.071680201;1.879635855;6.750626135;1.639797389;1.639797389;1.245283215
185;1.087877539;1.638780286;1.545713905;0.989653127;2.861757624;0.848051401;0.848051401;0.507546746
186;0.691255953;1.027357898;0.653396987;0.304615048;7.924805776;0.246157604;0.246157604;1.854479519
187;0.120236993;0.179775336;0.178489627;0.088411232;0.297814917;0.043450122;0.043450122;0.054708318
188;0.022067185;0.076467025;0.069522363;0.007431556;0.187974753;0;0;0.045860578
189;0;0;0;0;0;0;0;0
190;0.21959354;0.227263386;0.228069378;0.132261978;0.326975474;0.102163402;0.102163402;0.051852568
191;0;0;0;0;0;0;0;0
192;4.964323172;6.285597473;6.176788489;3.747229063;9.674040503;2.826185898;2.826185898;1.547371593
193;36.95805479;44.77435604;43.35980854;30.7714956;66.87407544;25.99211673;25.99211673;9.560000204
194;2.662987028;3.37124443;3.087254586;2.028578373;6.314830163;1.647607903;1.647607903;1.115738485
195;1.178387465;1.662276357;1.550012963;1.105353684;2.826370779;0.92734763;0.92734763;0.446714749
196;0.555057676;0.928642704;0.718144058;0.351481975;6.083042659;0.236718108;0.236718108;1.363313052
197;0.172607649;0.181057228;0.180270633;0.111763164;0.272170012;0.08727993;0.08727993;0.041366022
198;0.010005412;0.074054229;0.066849628;0.017925487;0.154639333;9.48823E-16;5.86644E-05;0.036577774
199;0;0;0;0;0;0;0;0
200;0.20045033;0.227097906;0.225626377;0.151617946;0.32013872;0.122225738;0.122225738;0.042791217
201;0;0;0;0;0;0;0;0
202;8.632931918;6.30152782;6.156442921;4.075872406;9.358343348;2.846879384;2.846879384;1.386096346
203;55.1139035;45.22702362;43.49795463;32.32805307;68.56112426;25.67797205;25.67797205;9.336023519
204;4.935804496;3.356111236;3.142805878;2.050482487;5.58465677;1.769241956;1.769241956;0.973828077
205;2.133339153;1.630709547;1.548950754;1.107267248;2.630037103;0.973269345;0.973269345;0.414217377
206;0.800040529;0.786822;0.728654964;0.380535554;0.985431546;0.307590336;0.307590336;0.906921196
207;0.162246007;0.178360497;0.174122617;0.111882194;0.262255;0.058290722;0.058290722;0.039390613
208;0.01929728;0.072113272;0.068736309;0.017115235;0.145828576;0.005437724;0.005437724;0.032941025
209;0;0;0;0;0;0;0;0
210;0.252677517;0.225324223;0.221195057;0.148216821;0.307987453;0.12168715;0.12168715;0.040025562
211;0;0;0;0;0;0;0;0
212;7.611911575;6.552676797;5.525438834;1.246700239;17.42232301;0.20401709;0.20401709;4.280694996
213;25.59859968;43.46058597;34.65084079;19.32516063;115.7290583;12.78202584;12.78202584;25.96380754
214;2.856702363;4.004353507;2.971138687;1.088640871;12.8013927;0.358562031;0.358562031;3.252377598
215;0.470841549;2.021365989;1.434313396;0.648391159;7.676553129;0.43940725;0.43940725;1.88215997
216;0.039021658;1.14025551;0.516479744;0.08774114;9.780390938;0;0;2.903262112
217;0.035877375;0.17835124;0.156277256;0;0.476973792;0;0;0.125015542
218;0;0.077938235;0.027912221;0;0.374550411;0;0.080552152;0.111633715
219;0;0;0;0;0;0;0;0
220;0.321697617;0.234683439;0.219478966;0.04063976;0.47677842;0.020630647;0.020630647;0.114470754
221;0;0;0;0;0;0;0;0
222;5.186275515;6.338618582;5.754025304;1.976164685;14.15029587;0.746757004;0.746757004;3.314958842
223;27.43109661;43.39930907;36.29608716;22.56255574;95.91414675;17.39001628;17.39001628;21.22144938
224;1.721131148;3.692310077;2.969828873;1.265581535;9.805616792;0.603977169;0.603977169;2.320315091
225;0.731104263;1.886162044;1.437007376;0.740814086;5.618355939;0.407919195;0.407919195;1.384561711
226;0.582177002;1.230784707;0.578373636;0.15950031;10.63827311;0.020446105;0.020446105;2.621912973
227;0.175952536;0.181845321;0.161737095;0.030669158;0.436002727;0;0;0.106789765
228;0;0.083603617;0.041159386;0;0.336873866;0;0.041159386;0.100057751
229;0;0;0;0;0;0;0;0
230;0.145504597;0.245407249;0.232652671;0.094711824;0.442801161;0.043866492;0.043866492;0.0969532
231;0;0;0;0;0;0;0;0
232;3.501183596;6.341165134;5.751199032;2.188086599;13.18033799;1.079552277;1.079552277;2.881054631
233;31.82521939;43.29475382;37.16476354;21.69461061;86.53220108;18.590232;18.590232;17.96457606
234;2.646833894;3.699622709;3.013573556;1.488691617;9.202235198;1.05718245;1.05718245;2.041552006
235;1.329155548;1.8804697;1.476903633;0.900521162;4.603980638;0.730802416;0.730802416;1.084295571
236;0.18695404;1.436181689;0.565687765;0.185212162;9.930373496;0.102493643;0.102493643;2.74228793
237;0.070636877;0.171799595;0.157252192;0.04877658;0.381490326;2.0112E-15;0.00012435;0.087579099
238;0.028161685;0.086833152;0.059233871;0;0.338903792;0;0.019949743;0.095278971
239;0;0;0;0;0;0;0;0
240;0.220476229;0.238078962;0.230237916;0.085838765;0.427149121;0.050006184;0.050006184;0.084338025
241;0;0;0;0;0;0;0;0
242;6.691606514;6.202081737;6.007531124;2.789085889;10.70731583;1.732347133;1.732347133;2.066414748
243;64.74423275;43.8263187;40.36482895;26.36507566;74.36431625;22.76381734;22.76381734;13.39021982
244;5.586656336;3.458306725;3.044949664;1.691233041;6.888777536;1.434361333;1.434361333;1.4818339
245;2.764730394;1.680936052;1.50789326;0.904360615;3.125882365;0.774964439;0.774964439;0.685131919
246;0.393288813;1.429339372;0.598835441;0.283541554;12.18686913;0.138219414;0.138219414;2.916058878
247;0.165906512;0.172979619;0.166390294;0.071051859;0.311352119;0.045152718;0.045152718;0.062202807
248;0.053719629;0.076733272;0.069107809;0;0.199227548;0;0;0.056815353
249;0;0;0;0;0;0;0;0
250;0.245621156;0.233491111;0.228957578;0.12047588;0.364077058;0.067818602;0.067818602;0.064503268
251;0;0;0;0;0;0;0;0
252;4.532828299;6.25172852;6.110539526;3.533814415;9.967366943;2.396147149;2.396147149;1.777870938
253;37.18380651;45.14732413;43.4760653;28.03034927;75.08362167;23.74030746;23.74030746;11.84682653
254;2.598172307;3.479567328;3.142353361;1.887957705;7.273093171;1.21808675;1.21808675;1.354111391
255;1.065330027;1.699788295;1.563235553;0.999029894;3.225000127;0.788945408;0.788945408;0.567182782
256;0.69269213;1.130229258;0.666140106;0.333384407;8.418135907;0.23669902;0.23669902;2.005216387
257;0.104076309;0.178791;0.176595346;0.086164605;0.302969721;0.053197;0.053197;0.055134287
258;0.022067185;0.073761069;0.06505122;0.009157592;0.182240102;0;0;0.044972739
259;0;0;0;0;0;0;0;0
260;0.21959354;0.228085952;0.226296278;0.136180609;0.327303566;0.094527396;0.094527396;0.051028668
261;0;0;0;0;0;0;0;0
262;4.770703172;6.305520201;6.22907835;3.661709325;9.876691267;3.184238528;3.184238528;1.556328596
263;37.08299256;45.29103032;43.50846522;30.46374572;67.65234027;25.45210091;25.45210091;10.0647847
264;2.725699622;3.335561151;3.112435026;1.966436329;5.70250971;1.578997905;1.578997905;1.04328941
265;1.190255324;1.623813001;1.522606917;1.055124092;2.770386036;0.938453768;0.938453768;0.447077035
266;0.553388795;0.96429165;0.707730146;0.368304641;6.28432095;0.261283892;0.261283892;1.555179846
267;0.168378309;0.176918528;0.174808216;0.10150856;0.269765653;0.071847403;0.071847403;0.044447458
268;0.010005412;0.073563523;0.069107376;0.01560167;0.149401286;0.006525268;0.006525268;0.034578116
269;0;0;0;0;0;0;0;0
270;0.20045033;0.227738022;0.225032959;0.151236183;0.314434931;0.12353559;0.12353559;0.042052215
271;0;0;0;0;0;0;0;0
272;8.589072737;6.253575967;6.067888081;3.995381272;9.304015654;2.9635255;2.9635255;1.392724387
273;55.28234999;44.94914855;43.87514205;32.19633273;64.68341465;25.93645541;25.93645541;8.602731153
274;4.811479889;3.339988891;3.163384437;2.093096613;5.311691955;1.860552069;1.860552069;0.92940884
275;2.11453983;1.615085577;1.538402177;1.095364141;2.513290184;0.888374634;0.888374634;0.365569671
276;0.822980292;0.761463182;0.737136181;0.386072273;0.986595752;0.301413406;0.301413406;0.684999991
277;0.157842863;0.175418059;0.172154303;0.109173402;0.260591726;0.083569445;0.083569445;0.038390988
278;0.01929728;0.075002606;0.070520996;0.012765056;0.155962347;0.001631317;0.001631317;0.035780391
279;0;0;0;0;0;0;0;0
280;0.252677517;0.22867086;0.227581085;0.157534345;0.304465258;0.120372618;0.120372618;0.037775924
281;0;0.085266229;0;0;0.858736427;0;0.494843707;0.228235909
282;30.41777721;36.54439306;28.91047456;12.38538656;114.177076;8.523006536;8.523006536;25.99047977
283;11.63610424;10.28745213;8.68975648;3.755542063;26.70772302;2.603174354;2.603174354;6.076572365
284;9.339135315;7.399200562;4.408374389;1.765669517;28.47942696;0.989774117;0.989774117;7.164303909
285;1.82555819;1.375193501;1.270117471;0.445891606;2.985628255;0.22256652;0.22256652;0.706177694
286;0.518515428;0.435011688;0.401542044;0.108164849;0.959721416;0.026100706;0.026100706;0.218139662
287;0.42897874;0.251268615;0.220122318;0.026410831;0.561915449;0;0;0.259668547
288;0;0.045735789;0.018524761;0;0.180704561;0;0.055574284;0.055602882
289;0.059452446;0.015811469;0;0;0.102676889;0;0.053507202;0.027289188
290;0.103153237;0.158624021;0.133830608;0;0.429849542;0;0;0.116005789
291;0;0.068996155;0;0;0.472838854;0;0.175523011;0.137342925
292;24.79720139;38.5267613;30.36320526;14.91473531;99.34240343;8.522710694;8.522710694;23.7614831
293;10.45067359;11.70538804;10.26509263;4.300170006;29.02289858;3.044851388;3.044851388;6.256370598
294;4.220178966;7.324709741;5.474426987;2.387662592;22.49915817;1.636636246;1.636636246;5.843536592
295;1.155890858;1.374357539;1.356217971;0.64296726;2.350559479;0.284318415;0.284318415;0.496926392
296;0.744934704;0.434465045;0.418591311;0.147338966;0.803973719;0.063698039;0.063698039;0.172137014
297;0.295959947;0.235732823;0.221099112;0.058871903;0.530321491;0.010289846;0.010289846;0.124563634
298;0.047153938;0.047331669;0.03821943;0;0.170528593;0;0.025934666;0.046675883
299;0.044156662;0.016926173;0;0;0.08135717;0;0.028816296;0.023637694
300;0.097256025;0.148162328;0.130830321;0.026215131;0.362680646;0;0;0.088191536
301;0.078206353;0.051172421;0;0;0.333629325;0;0.100888765;0.097193229
302;27.95720363;38.07640633;31.58953743;16.27455049;84.95542171;11.68668603;11.68668603;19.26511235
303;14.3482351;11.89538869;10.38388197;5.06509695;27.35791887;4.389304013;4.389304013;5.690177565
304;15.7513731;7.018711149;5.700386195;2.455413041;18.7741947;1.634591736;1.634591736;4.752148642
305;1.103482233;1.349652262;1.310691067;0.685549093;2.371442536;0.440554048;0.440554048;0.425919879
306;0.589471834;0.430234008;0.41935869;0.193883089;0.721218459;0.102847779;0.102847779;0.140593862
307;0.400056362;0.234222747;0.221625832;0.065664225;0.445295334;0.025870802;0.025870802;0.099841134
308;0.107486919;0.046018623;0.039344849;0;0.131966113;0;0.011658511;0.040213507
309;0.061175015;0.017794557;0.014863112;0;0.065674363;0;0.019949743;0.0203409
310;0.123730403;0.150712108;0.144805812;0.031271382;0.33812876;9.81186E-16;6.06654E-05;0.076425864
311;0.066032575;0.05137709;0.029999792;0;0.229742627;0;0.02603048;0.067633485
312;36.43410267;38.8645874;35.08117842;20.3827992;73.3852573;17.36109341;17.36109341;14.48103035
313;12.26686153;12.43722629;11.32736734;6.090382691;23.7577588;4.960742789;4.960742789;4.813104978
314;5.008876353;6.646678449;5.700003525;2.967407623;16.83611635;2.215908718;2.215908718;3.994717105
315;1.442771737;1.372102816;1.351579353;0.881559637;2.014692582;0.696816014;0.696816014;0.285229392
316;0.424165378;0.443273702;0.439469996;0.258001215;0.66447945;0.153422296;0.153422296;0.105447048
317;0.244468493;0.236321396;0.229726135;0.107113174;0.389104408;0.05540134;0.05540134;0.074243426
318;0.078568788;0.048401711;0.044215534;0;0.116663289;0;0;0.032331086
319;0.028676379;0.017461415;0.016582595;0;0.058272706;0;0.00617492;0.015881426
320;0.139950849;0.130232467;0.122284189;0.048941369;0.237829818;0.035856326;0.035856326;0.050923026
321;0.012567006;0.045575491;0.034461218;0;0.176168386;0;0.011843952;0.049642505
322;32.53774899;38.65129877;36.8333885;21.94232971;68.01109278;16.67805559;16.67805559;11.85253772
323;11.24556144;12.44406769;11.82738459;7.480157354;21.29770198;5.928504328;5.928504328;3.584480606
324;5.764584555;6.241962242;5.767688976;3.289779226;11.84025208;2.623623858;2.623623858;2.438017382
325;1.635228453;1.387719963;1.383977997;0.979504537;1.839977143;0.712739327;0.712739327;0.225100351
326;0.397789534;0.442924392;0.438755701;0.291228256;0.610911278;0.217376077;0.217376077;0.085101313
327;0.280353198;0.242422382;0.237062118;0.14092128;0.366042467;0.091542095;0.091542095;0.05871899
328;0.046335522;0.050107294;0.048503368;0.007581511;0.103474627;0;0;0.024418762
329;0.016045514;0.017350284;0.016045514;0;0.044390957;0;0;0.012560317
330;0.03906636;0.12192618;0.119418101;0.050634522;0.224650264;0.027758615;0.027758615;0.043981536
331;0.028506949;0.047064285;0.036950133;0;0.151418459;0;0;0.04244195
332;25.35005015;38.45539124;36.92415876;24.16582755;61.50930678;20.3757335;20.3757335;9.944350673
333;15.4792223;12.956812;12.53134769;8.055951151;20.12433858;6.935116885;6.935116885;3.337682412
334;8.219559279;6.062636104;5.725772875;3.493682221;10.16723263;2.605566726;2.605566726;1.857692329
335;1.591803651;1.417375684;1.401048548;1.059696159;1.854936839;0.880489369;0.880489369;0.204633129
336;0.457647256;0.440075624;0.43852071;0.312394754;0.569270984;0.262649504;0.262649504;0.071198481
337;0.208098193;0.250326975;0.248114876;0.151318979;0.352570263;0.118674936;0.118674936;0.05162742
338;0.056636325;0.055418727;0.054372965;0.015077551;0.102861941;0.003845886;0.003845886;0.022072371
339;0.028323356;0.019043203;0.017733389;0.002229467;0.042541609;0;0;0.010751418
340;0.155240241;0.109450254;0.10525156;0.052598191;0.196652169;0.034409181;0.034409181;0.035627831
341;0.066501984;0.041907277;0.033935746;0;0.122128511;0;0;0.031387856
342;39.26633902;38.53355337;36.94829995;24.17673714;62.7000725;19.62043566;19.62043566;9.752758614
343;16.56451755;13.32272388;12.97299749;8.372781179;20.09895038;6.836848879;6.836848879;2.901120584
344;3.704532713;6.114124549;5.927352109;3.693627587;10.15664887;3.138422927;3.138422927;1.696479671
345;1.37215832;1.419749448;1.415689325;1.079778506;1.760320713;0.976460443;0.976460443;0.177697407
346;0.402804421;0.443030827;0.443007314;0.312310591;0.58291439;0.269166017;0.269166017;0.068544124
347;0.207193321;0.251436541;0.250255746;0.162758481;0.345282702;0.127542652;0.127542652;0.048867323
348;0.073411776;0.057817233;0.056350419;0.022433316;0.098078732;0.002305304;0.002305304;0.020089262
349;0.033878818;0.019217646;0.018167898;0.003398234;0.040660666;0;0;0.009659457
350;0.114066993;0.104745124;0.102187168;0.051391314;0.174744013;0.032237159;0.032237159;0.031531192
351;0;0.104571339;0;0;0.858736427;0;0.533417456;0.283399005
352;30.41666395;39.24088469;29.57376374;12.13868981;117.282708;7.689679405;7.689679405;29.4959867
353;11.32801371;11.35319931;9.308115767;3.880687415;31.37534761;2.168456833;2.168456833;7.380879255
354;9.72086627;6.956959772;4.555013576;1.844627792;22.68182271;1.264066957;1.264066957;6.634484502
355;1.753031021;1.433156993;1.310425826;0.52017838;2.690950412;0.323401975;0.323401975;2.084615974
356;0.577967874;0.438527682;0.43025747;0.09461224;0.883366175;0;0;0.204725687
357;0.369526294;0.240832663;0.214234714;0.008265223;0.601456497;0;0;0.149895748
358;0;0.043504791;0.020068492;0;0.179386877;0;0.059452446;0.053990892
359;0.059452446;0.016013798;0;0;0.086448887;0;0.053507202;0.026788752
360;0.103153237;0.157629957;0.131212544;0;0.450642549;0;0;0.110257017
361;0;0.054737903;0;0;0.429368214;0;0.192672403;0.11807609
362;24.83194852;38.20526962;30.33367422;15.66458513;92.93193625;10.62892143;10.62892143;22.22716977
363;10.22769954;11.62868398;10.10805337;4.527164835;27.23680874;2.929757803;2.929757803;6.207601554
364;4.374792394;7.008061081;5.533701897;2.419532363;21.10642094;1.603837946;1.603837946;4.84291018
365;1.244383538;1.377877999;1.312938412;0.661796407;2.400750993;0.343340105;0.343340105;0.486411148
366;0.648896137;0.437301617;0.428944795;0.154971331;0.793241602;0.074003878;0.074003878;0.162241661
367;0.337119333;0.240667785;0.222662805;0.06627029;0.509050071;0.017400471;0.017400471;0.117947697
368;0.047153938;0.044027007;0.03821943;0;0.143574522;0;0.025934666;0.042777457
369;0.044156662;0.017139819;0;0;0.075767847;0;0.028816296;0.022123657
370;0.097256025;0.147667119;0.129675386;0.019923675;0.35850441;0;0;0.091517306
371;0.078206353;0.05576273;0;0;0.391886489;0;0.108676653;0.109335046
372;28.01668997;38.74681188;31.85799712;17.25561858;92.63987277;12.16717389;12.16717389;21.01835202
373;14.24428588;11.30585187;10.00038777;5.023502379;24.21805825;4.020391775;4.020391775;4.934996636
374;15.84014756;7.323987956;5.631048939;2.407074776;23.15192456;1.835860151;1.835860151;5.676318096
375;1.039353172;1.366895548;1.306614028;0.6715301;2.240127479;0.390714502;0.390714502;0.450249257
376;0.579563093;0.441208574;0.434376197;0.19211141;0.743738581;0.112068935;0.112068935;0.149029169
377;0.429782585;0.22873791;0.215565634;0.0669128;0.476633006;0.013630737;0.013630737;0.102933375
378;0.107486919;0.046282512;0.037049523;0;0.139069049;0;0.011788485;0.042331826
379;0.061175015;0.017042751;0.014080843;0;0.063444991;0;0.019949743;0.019614094
380;0.123730403;0.148386413;0.133391391;0.041157046;0.328120934;1.92254E-15;0.000118868;0.076950054
381;0.066032575;0.052822611;0.029685525;0;0.22933246;0;0.027147822;0.071508916
382;33.44320314;39.00979265;35.95444453;19.41206079;72.4325676;16.40685936;16.40685936;14.41646577
383;15.21041285;11.83962164;10.86843877;6.302698935;22.00701212;5.465000665;5.465000665;4.15013627
384;5.1035244;6.580944439;5.833911636;3.066814608;15.28377225;2.517663014;2.517663014;3.157594214
385;1.42936362;1.395067079;1.381337197;0.922031042;2.064499109;0.71238126;0.71238126;0.29922158
386;0.419267702;0.444200652;0.441207042;0.235743675;0.650683831;0.181918047;0.181918047;0.107070029
387;0.225536451;0.240674438;0.2344962;0.113661271;0.410001884;0.047007388;0.047007388;0.079060797
388;0.078568788;0.049289184;0.04444506;0;0.117594214;0;0;0.030010094
389;0.028676379;0.017713891;0.016214304;0;0.0513582;0;0.004777429;0.01473182
390;0.129888842;0.130609177;0.12103883;0.048791129;0.267131875;0.025666139;0.025666139;0.054612081
391;0.012567006;0.0445668;0.031226488;0;0.191578577;0;0.011886425;0.04900468
392;32.61919998;39.74814073;37.10017887;22.49186601;70.15350042;17.985214;17.985214;12.82557559
393;11.10170446;12.54728147;11.95962227;7.253955434;21.81143586;6.130361001;6.130361001;3.670654477
394;5.876161356;6.130795719;5.824603342;3.317087;10.50560638;2.37546447;2.37546447;2.088385449
395;1.584192139;1.388643678;1.380915109;0.997085114;1.844810821;0.826964566;0.826964566;0.214399344
396;0.403275819;0.444093246;0.436235769;0.29738572;0.617052709;0.198550932;0.198550932;0.084806093
397;0.27673241;0.244535626;0.243358523;0.132152928;0.372725336;0.098154547;0.098154547;0.061108629
398;0.046335522;0.052593746;0.051850549;0.008952121;0.104151958;0.002349155;0.002349155;0.025651003
399;0.016045514;0.018829233;0.017149744;0;0.046687948;0;0;0.012697045
400;0.03906636;0.11688011;0.112311152;0.044072678;0.215221613;0.023723682;0.023723682;0.044198914
401;0.028506949;0.042684666;0.033812754;0;0.128808791;0;0;0.036072842
402;25.1646388;37.98024021;36.34217653;21.98554789;61.70927401;18.30645975;18.30645975;10.70243636
403;15.68518922;13.08665047;12.67060251;8.008388371;20.66909682;7.056237582;7.056237582;3.211673658
404;8.236647407;6.207275545;5.864851376;3.718826795;9.82998168;3.323111019;3.323111019;1.835548259
405;1.558617313;1.390071479;1.385973751;1.050526016;1.784129288;0.907160355;0.907160355;0.196543215
406;0.441670992;0.437236532;0.435179188;0.313331204;0.568948355;0.254124189;0.254124189;0.068492165
407;0.232721884;0.250999736;0.250191032;0.156632965;0.355341554;0.112903069;0.112903069;0.052611009
408;0.056636325;0.055865244;0.054043833;0.014788054;0.106926734;0.005186933;0.005186933;0.024161514
409;0.028323356;0.018257979;0.016721;0;0.044273151;0;0;0.01126412
410;0.142135461;0.110702026;0.106691719;0.052809238;0.196168945;0.038414166;0.038414166;0.035359092
411;0.066501984;0.040271226;0.03348661;0;0.122801087;0;0;0.031974209
412;39.44101269;38.22482499;36.39198286;23.39911894;61.34431212;21.50119794;21.50119794;9.615260432
413;16.29417585;13.47847819;13.24652438;8.363362464;19.49960492;6.813510433;6.813510433;2.862566994
414;3.803240658;6.143998193;5.873139455;3.803060553;9.949246623;2.819779745;2.819779745;1.635940628
415;1.361830922;1.394607037;1.389234023;1.075760398;1.769337203;0.922530886;0.922530886;0.17539003
416;0.393847203;0.441831143;0.441806879;0.32969891;0.571677753;0.2744205;0.2744205;0.062996405
417;0.222319954;0.250970381;0.252388153;0.161376172;0.342883549;0.11206395;0.11206395;0.04625641
418;0.073411776;0.05538732;0.054145351;0.016348022;0.102479648;0.0066884;0.0066884;0.021504083
419;0.033878818;0.018403636;0.017426266;0.002229467;0.038965089;0;0;0.009782649
420;0.115185065;0.105577774;0.1014935;0.049538605;0.187511628;0.030259156;0.030259156;0.035494478
