;Year;Quarter;ALK_haul;N;Otolith_per5cm;age;mCPUE;bootstrapMean;median;Q025;Q975;BiasCQ025;BiasCQ075;sd
1;1999;Q1;haul based;50;1;0;0;0;0;0;0;0;0;0
2;1999;Q1;haul based;50;1;1;11.01655296;10.05617015;9.873703566;4.090673723;17.60918215;2.241216087;2.241216087;3.433607746
3;1999;Q1;haul based;50;1;2;1.578305681;6.355100831;4.878844155;0.872923448;21.09664067;0.296531405;0.296531405;5.172638655
4;1999;Q1;haul based;50;1;3;6.160547902;10.78769103;10.48225887;5.455492405;17.64943313;4.488679875;4.488679875;3.152810266
5;1999;Q1;haul based;50;1;4;2.672436639;1.282797293;1.108718962;0.395515843;2.850031024;0.294207263;0.294207263;0.781548345
6;1999;Q1;haul based;50;1;5;1.210508948;0.53626358;0.503389938;0.159157904;1.092057647;0.064638269;0.064638269;0.244812028
7;1999;Q1;haul based;50;1;6;0.085553152;0.173152967;0.145035446;0;0.515270749;0;0;0.145678991
8;1999;Q1;haul based;50;1;7;0.091870779;0.080348929;0.059452446;0;0.251538457;0;0.053507202;0.07469021
9;1999;Q1;haul based;50;1;8;0;0.030164101;0;0;0.152524003;0;0.052201412;0.043115166
10;1999;Q1;haul based;50;1;9+;0.477276191;0.330472227;0.250021704;0.037135165;1.131568804;0;0;0.338591462
11;1999;Q1;haul based;75;1;0;0;0;0;0;0;0;0;0
12;1999;Q1;haul based;75;1;1;10.44754511;10.15227296;9.869099043;4.962803409;16.40997516;2.851701307;2.851701307;3.002258191
13;1999;Q1;haul based;75;1;2;4.925899286;6.651610436;5.084328461;1.300296168;18.21272658;0.711246648;0.711246648;4.842422296
14;1999;Q1;haul based;75;1;3;7.463092046;10.65846075;10.33523351;6.264056382;15.83990544;4.494008475;4.494008475;2.463575288
15;1999;Q1;haul based;75;1;4;1.91964447;1.232289137;1.066779373;0.410130678;2.839478941;0.291851103;0.291851103;0.651826833
16;1999;Q1;haul based;75;1;5;0.721229707;0.528972238;0.513318375;0.212983985;0.928281944;0.144926681;0.144926681;0.186774379
17;1999;Q1;haul based;75;1;6;0.213852349;0.151772755;0.127752161;0.017400471;0.442446258;0;0;0.109878334
18;1999;Q1;haul based;75;1;7;0.020579693;0.079896751;0.068166304;0;0.240853377;0;0.014408148;0.064771554
19;1999;Q1;haul based;75;1;8;0;0.029000625;0.020880565;0;0.131461367;0;0.02391825;0.038512154
20;1999;Q1;haul based;75;1;9+;0.305317575;0.3659889;0.261989359;0.074946534;1.521922293;3.04402E-15;0.000188208;0.394107788
21;1999;Q1;haul based;100;1;0;0;0;0;0;0;0;0;0
22;1999;Q1;haul based;100;1;1;7.375494944;10.18008798;9.874970452;5.35644751;16.29029314;3.506015775;3.506015775;2.781253556
23;1999;Q1;haul based;100;1;2;3.896827292;6.901157975;5.672471529;1.664517308;17.15739039;0.707769422;0.707769422;4.337901523
24;1999;Q1;haul based;100;1;3;7.613681801;10.81914216;10.83840732;6.446287671;15.41934358;5.122542792;5.122542792;2.367394051
25;1999;Q1;haul based;100;1;4;1.096623137;1.266346129;1.107317634;0.50221803;2.684317098;0.379142074;0.379142074;0.610836297
26;1999;Q1;haul based;100;1;5;0.627141866;0.516502267;0.491782731;0.253239762;0.893808613;0.172515056;0.172515056;0.167127023
27;1999;Q1;haul based;100;1;6;0.238471539;0.161881334;0.140752038;0.025475333;0.424959041;0.008700235;0.008700235;0.098802906
28;1999;Q1;haul based;100;1;7;0.077935592;0.084497506;0.0776492;0;0.23609013;0;0;0.062082759
29;1999;Q1;haul based;100;1;8;0.008700235;0.029651991;0.020501357;0;0.10514649;0;0.015737412;0.030658728
30;1999;Q1;haul based;100;1;9+;0.347311103;0.335701443;0.272390931;0.099867026;0.88262902;0.049513554;0.049513554;0.271798875
31;1999;Q1;haul based;200;1;0;0;0;0;0;0;0;0;0
32;1999;Q1;haul based;200;1;1;9.327137423;10.18639948;10.04987108;6.642739256;14.44211135;5.429686616;5.429686616;1.984267093
33;1999;Q1;haul based;200;1;2;13.12617732;7.189636131;6.626046954;2.400628726;14.95508798;1.145886201;1.145886201;3.250729348
34;1999;Q1;haul based;200;1;3;11.5755118;10.91737956;10.77900932;7.533491477;15.07951533;5.432042185;5.432042185;1.921445949
35;1999;Q1;haul based;200;1;4;0.700792902;1.067784527;0.930690683;0.543791061;2.010965795;0.276597879;0.276597879;0.427488842
36;1999;Q1;haul based;200;1;5;0.392558094;0.481909569;0.481736967;0.260766695;0.704197993;0.166337388;0.166337388;0.110963239
37;1999;Q1;haul based;200;1;6;0.104867541;0.148709587;0.139598437;0.05794472;0.295923938;2.96934E-15;0.00018359;0.062176885
38;1999;Q1;haul based;200;1;7;0.041802501;0.083318656;0.078164287;0.008917867;0.186645675;0;0;0.045327442
39;1999;Q1;haul based;200;1;8;0.077753437;0.031994809;0.027487894;0;0.084833092;0;0;0.023741317
40;1999;Q1;haul based;200;1;9+;0.329059848;0.294254186;0.280164308;0.143448081;0.546369045;0.085328298;0.085328298;0.106302807
41;1999;Q1;haul based;300;1;0;0;0;0;0;0;0;0;0
42;1999;Q1;haul based;300;1;1;10.81349493;10.13725365;9.994538045;7.133282595;13.34333467;6.203762644;6.203762644;1.608548646
43;1999;Q1;haul based;300;1;2;3.951280538;7.357862174;6.873206739;3.162881968;13.54869976;1.949885237;1.949885237;2.767901883
44;1999;Q1;haul based;300;1;3;11.3847671;10.8376555;10.72206632;7.843624296;13.96139696;6.711690577;6.711690577;1.618792269
45;1999;Q1;haul based;300;1;4;0.955741023;0.975798999;0.867242677;0.568371144;1.846724852;0.442049127;0.442049127;0.341382968
46;1999;Q1;haul based;300;1;5;0.572392534;0.479242618;0.471934816;0.308081802;0.670313804;0.253665332;0.253665332;0.095353896
47;1999;Q1;haul based;300;1;6;0.101615716;0.146626247;0.139940347;0.072414511;0.262152137;0.048019803;0.048019803;0.04898626
48;1999;Q1;haul based;300;1;7;0.046232827;0.084994974;0.083232906;0.021548215;0.161007667;0.007040421;0.007040421;0.03498938
49;1999;Q1;haul based;300;1;8;0.066372886;0.032052019;0.029934476;0.003866771;0.077855951;0;0;0.019125947
50;1999;Q1;haul based;300;1;9+;0.188253953;0.286764524;0.280891149;0.152320685;0.482020996;0.116627561;0.116627561;0.082618166
51;1999;Q1;haul based;400;1;0;0;0;0;0;0;0;0;0
52;1999;Q1;haul based;400;1;1;8.15922128;10.14358243;10.03371441;7.557603569;12.94370747;6.608873234;6.608873234;1.404460863
53;1999;Q1;haul based;400;1;2;6.550556566;7.661160066;7.260278822;3.415897053;14.3350627;2.401718246;2.401718246;2.857939098
54;1999;Q1;haul based;400;1;3;10.80789744;10.98380128;10.98833981;8.340948852;14.09391887;7.284454084;7.284454084;1.478377008
55;1999;Q1;haul based;400;1;4;0.68768672;0.912810519;0.850318717;0.622144816;1.725815849;0.577975584;0.577975584;0.252562798
56;1999;Q1;haul based;400;1;5;0.498793017;0.468633647;0.460612462;0.323098955;0.65117282;0.285114185;0.285114185;0.083979822
57;1999;Q1;haul based;400;1;6;0.102776508;0.139210586;0.135647791;0.071537136;0.226186898;0.05225448;0.05225448;0.03776813
58;1999;Q1;haul based;400;1;7;0.085765761;0.086425896;0.087287521;0.026684087;0.150419465;0.015337269;0.015337269;0.031608848
59;1999;Q1;haul based;400;1;8;0.063601063;0.035752235;0.034742498;0.007686812;0.073810549;2.28215E-16;1.41102E-05;0.017162442
60;1999;Q1;haul based;400;1;9+;0.187582881;0.277381322;0.267947648;0.15824223;0.432788405;0.134724019;0.134724019;0.070128251
61;1999;Q1;haul based;500;1;0;0;0;0;0;0;0;0;0
62;1999;Q1;haul based;500;1;1;11.14562732;10.06377264;10.01705889;7.529284928;12.90911832;6.638637531;6.638637531;1.340550445
63;1999;Q1;haul based;500;1;2;9.490464673;7.406381022;7.137129258;3.55484676;12.68029327;2.444559699;2.444559699;2.364179291
64;1999;Q1;haul based;500;1;3;8.849999852;10.84394774;10.77316915;8.486708852;13.85877161;7.33506273;7.33506273;1.354955734
65;1999;Q1;haul based;500;1;4;0.804260122;0.901780512;0.85474285;0.659635074;1.714459001;0.50958384;0.50958384;0.229390086
66;1999;Q1;haul based;500;1;5;0.560556898;0.457263933;0.452493575;0.327830458;0.60071498;0.271527059;0.271527059;0.071798134
67;1999;Q1;haul based;500;1;6;0.116800303;0.14034371;0.138573599;0.082758183;0.218079577;0.066012077;0.066012077;0.035716056
68;1999;Q1;haul based;500;1;7;0.086838196;0.085137502;0.083905131;0.033937196;0.145324318;0.01823747;0.01823747;0.028402534
69;1999;Q1;haul based;500;1;8;0.054234248;0.033980978;0.034035519;0.007533273;0.066258972;0.001933386;0.001933386;0.015122616
70;1999;Q1;haul based;500;1;9+;0.322676962;0.275795613;0.265886551;0.174063949;0.42951718;0.114519527;0.114519527;0.06731478
71;1999;Q1;haul based;50;5;0;0;0;0;0;0;0;0;0
72;1999;Q1;haul based;50;5;1;11.04265367;10.360633;10.15512092;3.559988542;18.98610217;2.536245429;2.536245429;3.797459741
73;1999;Q1;haul based;50;5;2;1.584623307;6.978522237;4.975798469;0.998284853;21.28533974;0.380410187;0.380410187;5.588565005
74;1999;Q1;haul based;50;5;3;6.121536555;10.88463908;10.51818579;6.131891874;17.6126637;4.736723157;4.736723157;3.038520588
75;1999;Q1;haul based;50;5;4;2.679800383;1.31639905;1.142895524;0.389080127;3.218060098;0.20358017;0.20358017;0.732154553
76;1999;Q1;haul based;50;5;5;1.209738218;0.528406463;0.497100091;0.145426893;1.096580235;5.84809E-15;0.000361579;0.236703786
77;1999;Q1;haul based;50;5;6;0.085553152;0.178363847;0.139350998;0;0.527175933;0;0;0.147522981
78;1999;Q1;haul based;50;5;7;0.091870779;0.085751069;0.059452446;0;0.296611764;0;0.053507202;0.084759883
79;1999;Q1;haul based;50;5;8;0;0.029200649;0.017400471;0;0.137977473;0;0.035877375;0.039933897
80;1999;Q1;haul based;50;5;9+;0.477276191;0.346315195;0.258688367;0.041261295;1.071241708;0;0;0.354768215
81;1999;Q1;haul based;75;5;0;0;0;0;0;0;0;0;0
82;1999;Q1;haul based;75;5;1;10.35638562;10.27690383;9.969203098;5.007250845;16.21571625;2.057064835;2.057064835;3.059980174
83;1999;Q1;haul based;75;5;2;4.875487589;6.752448551;5.235057593;1.369856014;18.99803942;0.433633897;0.433633897;5.036596674
84;1999;Q1;haul based;75;5;3;7.643177505;10.72967259;10.46179282;6.335172591;16.21615834;3.787602201;3.787602201;2.536471526
85;1999;Q1;haul based;75;5;4;1.881727422;1.277136159;1.177494679;0.440702958;2.651356423;0.244662991;0.244662991;0.582697626
86;1999;Q1;haul based;75;5;5;0.720632485;0.537185892;0.517238275;0.207671867;0.981995169;0.109842004;0.109842004;0.197427799
87;1999;Q1;haul based;75;5;6;0.213852349;0.168340026;0.145888918;0.024620968;0.405612153;0;0;0.118716534
88;1999;Q1;haul based;75;5;7;0.020579693;0.081215081;0.071823644;0;0.232165441;0;0.010440282;0.063863966
89;1999;Q1;haul based;75;5;8;0;0.031115747;0.020880565;0;0.130304033;0;0.017400471;0.036514169
90;1999;Q1;haul based;75;5;9+;0.305317575;0.34295168;0.259034587;0.08166736;1.101200443;3.44082E-15;0.000212741;0.298223378
91;1999;Q1;haul based;100;5;0;0;0;0;0;0;0;0;0
92;1999;Q1;haul based;100;5;1;7.538624356;10.08670871;9.988807704;5.423619944;15.34766818;3.595150684;3.595150684;2.688974765
93;1999;Q1;haul based;100;5;2;3.693798648;6.635968603;5.60774951;1.399351481;18.15139489;0.737185886;0.737185886;4.232468619
94;1999;Q1;haul based;100;5;3;7.64343286;10.53888234;10.39046631;6.724540427;15.60399524;4.304974194;4.304974194;2.337765654
95;1999;Q1;haul based;100;5;4;1.108491422;1.199275568;1.045670569;0.469571265;2.535699733;0.353111416;0.353111416;0.562824653
96;1999;Q1;haul based;100;5;5;0.625421755;0.511701693;0.487888831;0.234568944;0.905429204;0.002329316;0.002329316;0.175971797
97;1999;Q1;haul based;100;5;6;0.238471539;0.157431212;0.14289133;0.032136714;0.364113298;6.84644E-16;4.23306E-05;0.086533446
98;1999;Q1;haul based;100;5;7;0.077935592;0.085877403;0.077028426;0;0.223123679;0;0;0.061092743
99;1999;Q1;haul based;100;5;8;0.008700235;0.032946874;0.024174062;0;0.116421413;0;0.010440282;0.032862396
100;1999;Q1;haul based;100;5;9+;0.347311103;0.336719427;0.275613452;0.092009218;1.006452648;0.029893028;0.029893028;0.246665293
101;1999;Q1;haul based;200;5;0;0;0;0;0;0;0;0;0
102;1999;Q1;haul based;200;5;1;9.128662434;10.13238183;10.07533595;6.501047501;14.15042666;5.58314688;5.58314688;1.927559635
103;1999;Q1;haul based;200;5;2;13.16925899;7.483021332;6.638081418;2.424930228;15.23760968;1.793605966;1.793605966;3.424264706
104;1999;Q1;haul based;200;5;3;11.64532386;10.74131169;10.54254245;7.402600376;14.88203839;6.076314457;6.076314457;1.852296182
105;1999;Q1;haul based;200;5;4;0.786374156;1.073737066;0.916528802;0.542494085;2.07844309;0.401639728;0.401639728;0.455762752
106;1999;Q1;haul based;200;5;5;0.392558094;0.492949176;0.485992126;0.30083171;0.726270603;0.174343642;0.174343642;0.113094737
107;1999;Q1;haul based;200;5;6;0.104867541;0.14934456;0.142329962;0.058418544;0.285217454;0.01977791;0.01977791;0.05941461
108;1999;Q1;haul based;200;5;7;0.041802501;0.083619094;0.077459252;0.014703425;0.171788539;3.86528E-16;2.38985E-05;0.041804303
109;1999;Q1;haul based;200;5;8;0.077753437;0.03274609;0.028650998;0;0.092155288;0;0;0.023749281
110;1999;Q1;haul based;200;5;9+;0.329059848;0.289267393;0.271006552;0.130472619;0.553466926;0.097161427;0.097161427;0.108890965
111;1999;Q1;haul based;300;5;0;0;0;0;0;0;0;0;0
112;1999;Q1;haul based;300;5;1;10.83568053;10.04132196;9.988620427;7.051765881;13.46219298;6.472584081;6.472584081;1.669095615
113;1999;Q1;haul based;300;5;2;3.924091911;7.394315348;6.998534855;2.704453348;14.12484263;1.492426877;1.492426877;3.095479879
114;1999;Q1;haul based;300;5;3;11.43644702;11.02452988;10.97887655;7.80531487;14.58668784;6.561177478;6.561177478;1.75016265
115;1999;Q1;haul based;300;5;4;0.914175663;0.959797379;0.863812018;0.596216413;1.826529206;0.494020843;0.494020843;0.325022506
116;1999;Q1;haul based;300;5;5;0.567281007;0.471052394;0.467718196;0.306126679;0.672481942;0.244037778;0.244037778;0.092174586
117;1999;Q1;haul based;300;5;6;0.101615716;0.141887382;0.136856429;0.070132702;0.245104544;0.02671485;0.02671485;0.045283423
118;1999;Q1;haul based;300;5;7;0.046232827;0.082216999;0.079420725;0.023848871;0.157303056;0.005800157;0.005800157;0.034258801
119;1999;Q1;haul based;300;5;8;0.066372886;0.033037248;0.029967;0.003866771;0.077804017;0;0;0.019077751
120;1999;Q1;haul based;300;5;9+;0.188253953;0.282395908;0.269139023;0.14711978;0.471869725;0.074743771;0.074743771;0.086379748
121;1999;Q1;haul based;400;5;0;0;0;0;0;0;0;0;0
122;1999;Q1;haul based;400;5;1;8.141008787;9.962577225;9.854721793;7.309149442;12.90026267;5.994326994;5.994326994;1.452044767
123;1999;Q1;haul based;400;5;2;6.506992879;7.391224659;7.125610574;3.350548985;12.94378898;2.669426044;2.669426044;2.505363291
124;1999;Q1;haul based;400;5;3;10.86307128;10.94331158;10.78761335;8.131532879;14.30057705;6.495392125;6.495392125;1.54004866
125;1999;Q1;haul based;400;5;4;0.691989228;0.898107188;0.836916791;0.59981343;1.763895791;0.544923336;0.544923336;0.273377069
126;1999;Q1;haul based;400;5;5;0.502012782;0.460212495;0.449370974;0.312465941;0.640233127;0.269354802;0.269354802;0.085025478
127;1999;Q1;haul based;400;5;6;0.102776508;0.139319678;0.135825914;0.079484055;0.235808028;0.044909228;0.044909228;0.037897374
128;1999;Q1;haul based;400;5;7;0.084845828;0.081074697;0.080592285;0.027592676;0.142221941;0.012018814;0.012018814;0.029512285
129;1999;Q1;haul based;400;5;8;0.063601063;0.034099655;0.03334789;0.006605878;0.065999427;1.90179E-16;1.17585E-05;0.016108782
130;1999;Q1;haul based;400;5;9+;0.187582881;0.28261933;0.269097966;0.16435178;0.448436627;0.134273693;0.134273693;0.077741264
131;1999;Q1;haul based;500;5;0;0;0;0;0;0;0;0;0
132;1999;Q1;haul based;500;5;1;11.19880289;10.08677241;10.0486381;7.861975158;12.59849915;6.554383567;6.554383567;1.245481664
133;1999;Q1;haul based;500;5;2;9.378141291;7.470066565;7.180813512;3.848886471;12.77973864;2.166040388;2.166040388;2.308981662
134;1999;Q1;haul based;500;5;3;8.939884836;10.9403711;10.91041032;8.622761529;13.59493462;7.634069686;7.634069686;1.317799895
135;1999;Q1;haul based;500;5;4;0.805532133;0.899210925;0.85451226;0.6469707;1.69339319;0.437107747;0.437107747;0.237745038
136;1999;Q1;haul based;500;5;5;0.530540899;0.459969356;0.453906285;0.333447236;0.62547087;0.300701544;0.300701544;0.072516494
137;1999;Q1;haul based;500;5;6;0.116800303;0.143656381;0.141550045;0.088195417;0.215101528;0.065272357;0.065272357;0.033313128
138;1999;Q1;haul based;500;5;7;0.084845008;0.081738331;0.079437395;0.037652191;0.140161383;0.023903764;0.023903764;0.026785613
139;1999;Q1;haul based;500;5;8;0.054234248;0.035555638;0.034571666;0.011046679;0.066361151;0;0;0.014569478
140;1999;Q1;haul based;500;5;9+;0.322676962;0.282231538;0.269794899;0.165952896;0.441957194;0.127986593;0.127986593;0.072405409
141;1998;Q1;haul based;50;1;0;0;0;0;0;0;0;0;0
142;1998;Q1;haul based;50;1;1;7.690246816;6.154729575;5.332193131;1.06001917;15.08766381;0.477343861;0.477343861;3.854126024
143;1998;Q1;haul based;50;1;2;25.70309761;44.99053182;35.07715096;19.22815821;123.4330423;14.21442338;14.21442338;28.94436978
144;1998;Q1;haul based;50;1;3;2.709106803;4.145381004;3.01349045;1.033329174;11.92297287;0.520918532;0.520918532;3.208160608
145;1998;Q1;haul based;50;1;4;0.435603939;2.231930844;1.407195458;0.591644698;8.459468931;0.38987595;0.38987595;2.300782223
146;1998;Q1;haul based;50;1;5;0.039021658;1.43165434;0.553783458;0.072090586;12.98621227;0.016721;0.016721;3.766971253
147;1998;Q1;haul based;50;1;6;0.035877375;0.166239367;0.14309449;0;0.41162689;0;0;0.108903925
148;1998;Q1;haul based;50;1;7;0;0.085166798;0.029726223;0;0.416167123;0;0.089178669;0.123827127
149;1998;Q1;haul based;50;1;8;0;0;0;0;0;0;0;0
150;1998;Q1;haul based;50;1;9+;0.321697617;0.248481571;0.244216655;0.060265021;0.525257532;0.017938688;0.017938688;0.118674394
151;1998;Q1;haul based;75;1;0;0;0;0;0;0;0;0;0
152;1998;Q1;haul based;75;1;1;5.030913723;6.052864664;5.256116925;1.875350249;14.06965413;0.663281027;0.663281027;3.236003224
153;1998;Q1;haul based;75;1;2;27.57376792;44.20863263;37.21676815;20.66926311;107.851476;16.92673753;16.92673753;22.67312537
154;1998;Q1;haul based;75;1;3;1.733821629;3.723100063;2.830269202;1.199883682;9.65405669;0.794960162;0.794960162;2.449479315
155;1998;Q1;haul based;75;1;4;0.690212052;2.131082762;1.408498175;0.675525501;7.708806194;0.418471965;0.418471965;1.944395823
156;1998;Q1;haul based;75;1;5;0.602623108;1.435236836;0.558101806;0.182527363;11.60123894;0.086127615;0.086127615;3.217163132
157;1998;Q1;haul based;75;1;6;0.196398641;0.172214318;0.160212141;0.023360132;0.412025747;0;0;0.096293695
158;1998;Q1;haul based;75;1;7;0;0.07621358;0.041159386;0;0.307298914;0;0.041159386;0.093049411
159;1998;Q1;haul based;75;1;8;0;0;0;0;0;0;0;0
160;1998;Q1;haul based;75;1;9+;0.145504597;0.237985768;0.229143256;0.076807778;0.451903177;0.040876068;0.040876068;0.098735844
161;1998;Q1;haul based;100;1;0;0;0;0;0;0;0;0;0
162;1998;Q1;haul based;100;1;1;3.485698159;5.728193721;5.207877628;1.953664506;11.70707316;1.333571371;1.333571371;2.65547068
163;1998;Q1;haul based;100;1;2;31.78235947;42.87289127;37.42538888;21.39903122;85.586164;18.92364153;18.92364153;17.95269739
164;1998;Q1;haul based;100;1;3;2.620923301;3.533170679;2.895033713;1.446384733;7.931128921;1.073260717;1.073260717;1.877513693
165;1998;Q1;haul based;100;1;4;1.398076925;2.025032751;1.469894678;0.770345777;5.758001623;0.536728073;0.536728073;1.4498359
166;1998;Q1;haul based;100;1;5;0.18695404;1.694362346;0.551156179;0.18899467;13.7524768;0.114718472;0.114718472;3.462428785
167;1998;Q1;haul based;100;1;6;0.085971457;0.179482243;0.170473126;0.038845358;0.383169276;0.008700235;0.008700235;0.088791387
168;1998;Q1;haul based;100;1;7;0.028161685;0.082043448;0.061170079;0;0.281340105;0;0.020679715;0.080466577
169;1998;Q1;haul based;100;1;8;0;0;0;0;0;0;0;0
170;1998;Q1;haul based;100;1;9+;0.220476229;0.235646468;0.22445698;0.086665352;0.429539646;0.033690662;0.033690662;0.086635716
171;1998;Q1;haul based;200;1;0;0;0;0;0;0;0;0;0
172;1998;Q1;haul based;200;1;1;5.739420848;5.733770689;5.427764115;2.837391779;10.45106515;1.849021784;1.849021784;1.936244817
173;1998;Q1;haul based;200;1;2;65.9201902;44.24273998;40.70635326;27.65997445;76.73322329;18.67327596;18.67327596;13.21792825
174;1998;Q1;haul based;200;1;3;4.680077446;3.552983499;3.096943562;1.749122863;7.230884016;1.371006203;1.371006203;1.50462579
175;1998;Q1;haul based;200;1;4;3.407925527;2.08166212;1.565540121;0.973639349;4.987945248;0.746070059;0.746070059;1.108695891
176;1998;Q1;haul based;200;1;5;0.44716938;1.450870384;0.60363623;0.296834088;10.93445051;0.183700501;0.183700501;2.771035235
177;1998;Q1;haul based;200;1;6;0.151637924;0.179420495;0.171957446;0.076984507;0.311195934;0.041625888;0.041625888;0.06156483
178;1998;Q1;haul based;200;1;7;0.053719629;0.069072507;0.060411357;0;0.178961659;0;0;0.050258857
179;1998;Q1;haul based;200;1;8;0;0;0;0;0;0;0;0
180;1998;Q1;haul based;200;1;9+;0.245621156;0.239623056;0.236843998;0.132426049;0.388557995;0.065794119;0.065794119;0.062994347
181;1998;Q1;haul based;300;1;0;0;0;0;0;0;0;0;0
182;1998;Q1;haul based;300;1;1;4.394993691;5.887727452;5.597488369;3.461633333;9.323281122;2.301534373;2.301534373;1.562264033
183;1998;Q1;haul based;300;1;2;37.27812715;44.54332124;42.01745224;28.37061269;70.26918179;21.13961371;21.13961371;11.43521672
184;1998;Q1;haul based;300;1;3;2.635374414;3.311025993;3.075733294;1.848546262;6.282984646;1.58722574;1.58722574;1.122235673
185;1998;Q1;haul based;300;1;4;1.020543227;1.966863814;1.733499496;0.994169204;4.081568623;0.850297448;0.850297448;0.872678571
186;1998;Q1;haul based;300;1;5;0.734235928;1.03826917;0.663771441;0.305773902;7.898088111;0.249709936;0.249709936;1.853721684
187;1998;Q1;haul based;300;1;6;0.113631166;0.178410137;0.176383371;0.085743443;0.300490613;0.045431417;0.045431417;0.054474793
188;1998;Q1;haul based;300;1;7;0.022067185;0.076041356;0.069003462;0.007431556;0.185191602;0;0;0.045503685
189;1998;Q1;haul based;300;1;8;0;0;0;0;0;0;0;0
190;1998;Q1;haul based;300;1;9+;0.21959354;0.227263386;0.228069378;0.132261978;0.326975474;0.102163402;0.102163402;0.051852568
191;1998;Q1;haul based;400;1;0;0;0;0;0;0;0;0;0
192;1998;Q1;haul based;400;1;1;5.002126239;5.830726457;5.614726163;3.730788626;8.827087508;2.699286285;2.699286285;1.368928782
193;1998;Q1;haul based;400;1;2;36.87694645;44.89168053;43.37495594;30.38433368;67.73407316;25.93183778;25.93183778;9.811744859
194;1998;Q1;haul based;400;1;3;2.624606579;3.330438093;3.090837412;2.046128137;5.807044778;1.671513789;1.671513789;1.001969828
195;1998;Q1;haul based;400;1;4;1.224457666;2.029712154;1.818883126;1.0908694;3.995978113;0.914528165;0.914528165;0.79770661
196;1998;Q1;haul based;400;1;5;0.59803403;0.940935132;0.72936441;0.360733633;6.128038024;0.240402847;0.240402847;1.364816668
197;1998;Q1;haul based;400;1;6;0.164376786;0.179922771;0.177732201;0.108896184;0.28071786;0.064546651;0.064546651;0.042758372
198;1998;Q1;haul based;400;1;7;0.010875447;0.073813324;0.06613163;0.019078267;0.15266486;9.48823E-16;5.86644E-05;0.036220542
199;1998;Q1;haul based;400;1;8;0;0;0;0;0;0;0;0
200;1998;Q1;haul based;400;1;9+;0.20045033;0.227097906;0.225626377;0.151617946;0.32013872;0.122225738;0.122225738;0.042791217
201;1998;Q1;haul based;500;1;0;0;0;0;0;0;0;0;0
202;1998;Q1;haul based;500;1;1;6.628611589;5.80128844;5.643964604;3.756659575;8.63980063;2.927763683;2.927763683;1.278638664
203;1998;Q1;haul based;500;1;2;56.3282185;45.34005217;43.37306688;32.28379789;69.03959456;25.90714256;25.90714256;9.52377445
204;1998;Q1;haul based;500;1;3;4.645482186;3.341348981;3.193141221;2.093883499;5.447939408;1.808748154;1.808748154;0.899563564
205;1998;Q1;haul based;500;1;4;3.204124351;2.021783235;1.830386747;1.113540772;3.8481373;0.951132717;0.951132717;0.767754843
206;1998;Q1;haul based;500;1;5;0.804114892;0.797444693;0.741017481;0.394393972;0.997798084;0.301986869;0.301986869;0.907108783
207;1998;Q1;haul based;500;1;6;0.164451452;0.179056287;0.177697091;0.111333178;0.264259397;0.059278603;0.059278603;0.040197752
208;1998;Q1;haul based;500;1;7;0.022559914;0.071694179;0.068716541;0.017115235;0.145199612;0.005437724;0.005437724;0.032708614
209;1998;Q1;haul based;500;1;8;0;0;0;0;0;0;0;0
210;1998;Q1;haul based;500;1;9+;0.252677517;0.225324223;0.221195057;0.148216821;0.307987453;0.12168715;0.12168715;0.040025562
211;1998;Q1;haul based;50;5;0;0;0;0;0;0;0;0;0
212;1998;Q1;haul based;50;5;1;7.477237944;6.337969704;5.209342433;1.222290563;16.54846367;0.20401709;0.20401709;4.190844047
213;1998;Q1;haul based;50;5;2;25.95084238;43.55122381;34.58148538;19.32410336;117.1512529;12.79874684;12.79874684;26.13579566
214;1998;Q1;haul based;50;5;3;2.644244818;4.005906546;2.944399185;1.090412653;11.62548359;0.34518523;0.34518523;3.104707576
215;1998;Q1;haul based;50;5;4;0.465730023;2.141783995;1.433197931;0.642000949;8.266293307;0.465730023;0.465730023;2.182494032
216;1998;Q1;haul based;50;5;5;0.039021658;1.141005168;0.516238926;0.08279093;9.764004358;0;0;2.902861063
217;1998;Q1;haul based;50;5;6;0.035877375;0.179663129;0.160521605;0;0.484545624;0;0;0.125689647
218;1998;Q1;haul based;50;5;7;0;0.077974897;0.027912221;0;0.374550411;0;0.080552152;0.111497831
219;1998;Q1;haul based;50;5;8;0;0;0;0;0;0;0;0
220;1998;Q1;haul based;50;5;9+;0.321697617;0.234683439;0.219478966;0.04063976;0.47677842;0.020630647;0.020630647;0.114470754
221;1998;Q1;haul based;75;5;0;0;0;0;0;0;0;0;0
222;1998;Q1;haul based;75;5;1;5.295277393;6.068895058;5.457733124;1.840479524;13.71714191;0.758435163;0.758435163;3.258082848
223;1998;Q1;haul based;75;5;2;27.28081336;43.43756092;36.37929545;22.48376688;96.93716438;17.0400413;17.0400413;21.34569706
224;1998;Q1;haul based;75;5;3;1.762412517;3.740634751;3.033325294;1.257026377;9.558639992;0.612523459;0.612523459;2.308622002
225;1998;Q1;haul based;75;5;4;0.731104263;2.064565471;1.43131494;0.744384941;6.477214986;0.393708074;0.393708074;1.738333984
226;1998;Q1;haul based;75;5;5;0.582177002;1.233003627;0.587075538;0.162238072;10.64621559;0.020446105;0.020446105;2.621642341
227;1998;Q1;haul based;75;5;6;0.175952536;0.184456303;0.163784582;0.030669158;0.441633261;0;0;0.10787319
228;1998;Q1;haul based;75;5;7;0;0.083517289;0.041159386;0;0.341638591;0;0.041159386;0.099748487
229;1998;Q1;haul based;75;5;8;0;0;0;0;0;0;0;0
230;1998;Q1;haul based;75;5;9+;0.145504597;0.245407249;0.232652671;0.094711824;0.442801161;0.043866492;0.043866492;0.0969532
231;1998;Q1;haul based;100;5;0;0;0;0;0;0;0;0;0
232;1998;Q1;haul based;100;5;1;3.097684832;6.001559582;5.416716258;2.061953248;13.11300775;1.028085024;1.028085024;2.860771109
233;1998;Q1;haul based;100;5;2;32.15218754;43.35485246;37.02205999;21.85557724;86.42007286;18.29950582;18.29950582;18.13389891
234;1998;Q1;haul based;100;5;3;2.710521303;3.749524305;3.090234608;1.525131101;8.792357716;1.154599157;1.154599157;1.992897183
235;1998;Q1;haul based;100;5;4;1.341998753;2.103319657;1.479792877;0.88918641;5.940166876;0.735604638;0.735604638;1.489796448
236;1998;Q1;haul based;100;5;5;0.18695404;1.439805079;0.570201676;0.187216572;9.928283885;0.093793408;0.093793408;2.744685573
237;1998;Q1;haul based;100;5;6;0.070636877;0.175147609;0.157476838;0.049942334;0.373076211;2.0112E-15;0.00012435;0.08914791
238;1998;Q1;haul based;100;5;7;0.028161685;0.086617102;0.059452446;0;0.338903792;0;0.020242135;0.094666503
239;1998;Q1;haul based;100;5;8;0;0;0;0;0;0;0;0
240;1998;Q1;haul based;100;5;9+;0.220476229;0.238078962;0.230237916;0.085838765;0.427149121;0.050006184;0.050006184;0.084338025
241;1998;Q1;haul based;200;5;0;0;0;0;0;0;0;0;0
242;1998;Q1;haul based;200;5;1;5.708105526;5.725989482;5.424008758;2.66907102;9.868828897;1.682930762;1.682930762;1.923986549
243;1998;Q1;haul based;200;5;2;65.90752566;43.97005608;40.56578094;26.26362036;75.33314871;22.52560673;22.52560673;13.58002543
244;1998;Q1;haul based;200;5;3;4.727112994;3.454990621;3.162697664;1.711192114;6.898752508;1.421835371;1.421835371;1.432745848
245;1998;Q1;haul based;200;5;4;3.42270557;2.005254191;1.554822355;0.896705259;4.479133127;0.748244253;0.748244253;1.079586936
246;1998;Q1;haul based;200;5;5;0.429333646;1.438330216;0.603461687;0.280590899;12.1765497;0.167193863;0.167193863;2.914271246
247;1998;Q1;haul based;200;5;6;0.151637924;0.175525748;0.169371809;0.071793984;0.318386237;0.044348486;0.044348486;0.062116121
248;1998;Q1;haul based;200;5;7;0.053719629;0.076549138;0.068095914;0;0.19879112;0;0;0.056483442
249;1998;Q1;haul based;200;5;8;0;0;0;0;0;0;0;0
250;1998;Q1;haul based;200;5;9+;0.245621156;0.233491111;0.228957578;0.12047588;0.364077058;0.067818602;0.067818602;0.064503268
251;1998;Q1;haul based;300;5;0;0;0;0;0;0;0;0;0
252;1998;Q1;haul based;300;5;1;4.511960108;5.752824862;5.514405131;3.204746117;9.298777057;2.282005933;2.282005933;1.663117132
253;1998;Q1;haul based;300;5;2;37.11084549;45.29003765;43.54268186;27.86938323;75.68202876;23.72128843;23.72128843;12.02385089
254;1998;Q1;haul based;300;5;3;2.698971815;3.457478033;3.129442052;1.882431395;6.647688063;1.285152494;1.285152494;1.273830488
255;1998;Q1;haul based;300;5;4;1.022159569;2.063920627;1.799789536;0.99761336;4.630714582;0.794979345;0.794979345;0.952284153
256;1998;Q1;haul based;300;5;5;0.719337428;1.140944461;0.675135534;0.337314386;8.403935933;0.230391766;0.230391766;2.006932256
257;1998;Q1;haul based;300;5;6;0.113631166;0.182467475;0.17954492;0.088524392;0.311822145;0.054354194;0.054354194;0.055863557
258;1998;Q1;haul based;300;5;7;0.022067185;0.073516492;0.065122677;0.009157592;0.177725194;0;0;0.044783294
259;1998;Q1;haul based;300;5;8;0;0;0;0;0;0;0;0
260;1998;Q1;haul based;300;5;9+;0.21959354;0.228085952;0.226296278;0.136180609;0.327303566;0.094527396;0.094527396;0.051028668
261;1998;Q1;haul based;400;5;0;0;0;0;0;0;0;0;0
262;1998;Q1;haul based;400;5;1;4.906571399;5.75964528;5.640600566;3.478028753;9.023965417;3.077539517;3.077539517;1.383033956
263;1998;Q1;haul based;400;5;2;36.96232928;45.46177968;43.59277212;30.59286843;67.84009799;25.39406975;25.39406975;10.26756873
264;1998;Q1;haul based;400;5;3;2.612842008;3.312224427;3.11498931;1.996731641;5.455446495;1.684879969;1.684879969;0.962741704
265;1998;Q1;haul based;400;5;4;1.260563396;2.008868641;1.789511119;1.043127022;3.953516409;0.904466747;0.904466747;0.822430916
266;1998;Q1;haul based;400;5;5;0.580602242;0.974927028;0.722108783;0.376978362;6.304879118;0.276211945;0.276211945;1.555998327
267;1998;Q1;haul based;400;5;6;0.16763942;0.180155973;0.177103353;0.105353892;0.27024188;0.080307546;0.080307546;0.044393901
268;1998;Q1;haul based;400;5;7;0.010875447;0.073097349;0.068334454;0.016313171;0.148004764;0.006525268;0.006525268;0.034035325
269;1998;Q1;haul based;400;5;8;0;0;0;0;0;0;0;0
270;1998;Q1;haul based;400;5;9+;0.20045033;0.227738022;0.225032959;0.151236183;0.314434931;0.12353559;0.12353559;0.042052215
271;1998;Q1;haul based;500;5;0;0;0;0;0;0;0;0;0
272;1998;Q1;haul based;500;5;1;6.544376622;5.734103711;5.593048415;3.741976689;8.650419534;2.789838208;2.789838208;1.26847096
273;1998;Q1;haul based;500;5;2;56.3806928;45.08882127;43.89046042;32.26523353;65.08269428;25.9141959;25.9141959;8.771605037
274;1998;Q1;haul based;500;5;3;4.664490034;3.311284284;3.157282762;2.093718403;5.30225962;1.822041735;1.822041735;0.848171657
275;1998;Q1;haul based;500;5;4;3.195854382;2.007291424;1.846209672;1.114108746;3.744023553;0.960839618;0.960839618;0.713913348
276;1998;Q1;haul based;500;5;5;0.821045766;0.775061414;0.746503982;0.391756628;1.006777207;0.28379194;0.28379194;0.686304887
277;1998;Q1;haul based;500;5;6;0.168543364;0.17839474;0.175356205;0.111234815;0.264566835;0.089413517;0.089413517;0.03891653
278;1998;Q1;haul based;500;5;7;0.022559914;0.074725989;0.070690409;0.014138082;0.153399151;0.001631317;0.001631317;0.035471158
279;1998;Q1;haul based;500;5;8;0;0;0;0;0;0;0;0
280;1998;Q1;haul based;500;5;9+;0.252677517;0.22867086;0.227581085;0.157534345;0.304465258;0.120372618;0.120372618;0.037775924
281;1997;Q1;haul based;50;1;0;0;0.096946318;0;0;0.858736427;0;0.858736427;0.263386769
282;1997;Q1;haul based;50;1;1;30.41777721;36.61088201;28.62144983;12.3941979;114.0192492;8.52273833;8.52273833;25.99390804
283;1997;Q1;haul based;50;1;2;11.49001048;10.15542526;8.629282839;3.747586204;26.47346012;2.596425244;2.596425244;5.9558751
284;1997;Q1;haul based;50;1;3;9.443056748;7.461678391;4.44171045;1.744577065;28.37191452;0.91440716;0.91440716;7.257868025
285;1997;Q1;haul based;50;1;4;1.968444254;1.374572294;1.27745546;0.448217434;3.008374928;0.214170232;0.214170232;0.70737793
286;1997;Q1;haul based;50;1;5;0.459062982;0.434806075;0.398746059;0.10973407;0.965789667;0.026100706;0.026100706;0.216502401
287;1997;Q1;haul based;50;1;6;0.42897874;0.253519718;0.223804352;0.028613491;0.585931129;0;0;0.260409563
288;1997;Q1;haul based;50;1;7;0;0.05517356;0.041261295;0;0.203920069;0;0.037135165;0.058478972
289;1997;Q1;haul based;50;1;8;0.059452446;0.015811469;0;0;0.102676889;0;0.053507202;0.027289188
290;1997;Q1;haul based;50;1;9+;0.061891942;0.139141978;0.120609217;0;0.367364402;0;0;0.098414136
291;1997;Q1;haul based;75;1;0;0;0.10636049;0;0;0.580786964;0;0.301965591;0.204300162
292;1997;Q1;haul based;75;1;1;24.79839593;38.64717466;30.66324082;14.90917601;100.1003757;8.503098775;8.503098775;23.79046623
293;1997;Q1;haul based;75;1;2;10.36734401;11.40206618;9.668073938;4.279548253;27.9054101;3.055643921;3.055643921;6.146041218
294;1997;Q1;haul based;75;1;3;4.305649279;7.490051339;5.533098816;2.376965192;22.62555815;1.649164585;1.649164585;6.006207361
295;1997;Q1;haul based;75;1;4;1.19371497;1.363083722;1.326719272;0.636934581;2.316955736;0.259561639;0.259561639;0.49318028
296;1997;Q1;haul based;75;1;5;0.703775318;0.435515672;0.412281561;0.154363311;0.825618178;0.071365328;0.071365328;0.171669907
297;1997;Q1;haul based;75;1;6;0.295959947;0.235307828;0.225778462;0.060542895;0.532500257;0.010289846;0.010289846;0.121834838
298;1997;Q1;haul based;75;1;7;0.047153938;0.056634962;0.047153938;0;0.171637351;0;0.019299668;0.049485429
299;1997;Q1;haul based;75;1;8;0.044156662;0.016926173;0;0;0.08135717;0;0.028816296;0.023637694
300;1997;Q1;haul based;75;1;9+;0.097256025;0.129709782;0.120529553;0.021719383;0.299515143;0;0;0.075512598
301;1997;Q1;haul based;100;1;0;0.214684107;0.091468359;0;0;0.572490951;0;0.209453162;0.173751276
302;1997;Q1;haul based;100;1;1;28.04350089;38.20457228;31.60115103;16.38052206;84.65882293;11.68378595;11.68378595;19.29262033
303;1997;Q1;haul based;100;1;2;14.12753892;11.53768566;10.11257152;5.032665965;27.42506802;4.256671851;4.256671851;5.519638542
304;1997;Q1;haul based;100;1;3;15.81849026;7.232523694;5.79641548;2.427098917;19.49447246;1.615083902;1.615083902;4.921141364
305;1997;Q1;haul based;100;1;4;1.096598454;1.335641304;1.292464694;0.64302825;2.267714537;0.449850669;0.449850669;0.423542981
306;1997;Q1;haul based;100;1;5;0.550161499;0.430739986;0.424800662;0.191523662;0.725713276;0.109528716;0.109528716;0.140546906
307;1997;Q1;haul based;100;1;6;0.377054493;0.23248222;0.220394184;0.067342;0.445279944;0.025870802;0.025870802;0.098348277
308;1997;Q1;haul based;100;1;7;0.129331134;0.056575371;0.048624005;0;0.143737523;0;0;0.041347292
309;1997;Q1;haul based;100;1;8;0.061175015;0.017794557;0.014863112;0;0.065674363;0;0.019949743;0.0203409
310;1997;Q1;haul based;100;1;9+;0.101886188;0.130829464;0.124773672;0.024040911;0.278902841;1.01467E-15;6.2736E-05;0.064490437
311;1997;Q1;haul based;200;1;0;0.061338316;0.11163689;0.051113882;0;0.454108001;0;0.017400471;0.142138467
312;1997;Q1;haul based;200;1;1;37.06652288;39.04648415;35.24623871;20.25465562;74.14990977;17.06131612;17.06131612;14.50772999
313;1997;Q1;haul based;200;1;2;11.66091675;11.95079108;10.88289577;5.970703171;22.59554344;4.817912836;4.817912836;4.658450869
314;1997;Q1;haul based;200;1;3;4.969588886;6.929593206;5.930782839;2.966583092;17.8635643;2.100007699;2.100007699;4.208764861
315;1997;Q1;haul based;200;1;4;1.47053617;1.344988819;1.328233215;0.853138031;1.973393275;0.657412211;0.657412211;0.279714494
316;1997;Q1;haul based;200;1;5;0.450029407;0.446693221;0.439637663;0.25756714;0.672284124;0.15926404;0.15926404;0.107305716
317;1997;Q1;haul based;200;1;6;0.225753826;0.229253667;0.225068382;0.104159822;0.382669254;0.066005959;0.066005959;0.07036149
318;1997;Q1;haul based;200;1;7;0.078568788;0.058268545;0.054684099;0.007032298;0.133324146;0;0;0.033822637
319;1997;Q1;haul based;200;1;8;0.028676379;0.017461415;0.016582595;0;0.058272706;0;0.00617492;0.015881426
320;1997;Q1;haul based;200;1;9+;0.122543344;0.112491741;0.109607609;0.042852948;0.205117381;0.030383477;0.030383477;0.041732471
321;1997;Q1;haul based;300;1;0;0.003480094;0.105611061;0.056095347;0;0.420234354;0;0.003866771;0.121434348
322;1997;Q1;haul based;300;1;1;32.85084407;38.95976319;37.22856951;22.13432664;68.17465225;16.67836368;16.67836368;11.87944341
323;1997;Q1;haul based;300;1;2;10.41972286;11.82049627;11.2106436;7.104083711;19.48993796;5.802132118;5.802132118;3.301540291
324;1997;Q1;haul based;300;1;3;6.348377455;6.540851173;5.986258306;3.337158399;12.68620546;2.538962997;2.538962997;2.638885484
325;1997;Q1;haul based;300;1;4;1.618671964;1.355078824;1.352672541;0.951277283;1.794103691;0.715104982;0.715104982;0.223494179
326;1997;Q1;haul based;300;1;5;0.369493746;0.45118288;0.447777613;0.302489901;0.626629277;0.215821693;0.215821693;0.087366322
327;1997;Q1;haul based;300;1;6;0.254090214;0.229838416;0.224679105;0.138984826;0.34581568;0.077332342;0.077332342;0.055479788
328;1997;Q1;haul based;300;1;7;0.053687272;0.059575124;0.057428738;0.0181311;0.115690614;6.47014E-16;4.0004E-05;0.025700247
329;1997;Q1;haul based;300;1;8;0.016045514;0.017350284;0.016045514;0;0.044390957;0;0;0.012560317
330;1997;Q1;haul based;300;1;9+;0.040867379;0.105607468;0.103072537;0.04476823;0.188218595;0.023156924;0.023156924;0.036516311
331;1997;Q1;haul based;400;1;0;0.093310852;0.111803945;0.084801798;0;0.400721722;0;0;0.110968518
332;1997;Q1;haul based;400;1;1;26.12027037;38.88384596;37.12583873;24.11765953;61.93127303;20.49613304;20.49613304;9.974298554
333;1997;Q1;haul based;400;1;2;13.56312413;12.20506786;11.85895427;7.630428737;18.77627154;6.789461848;6.789461848;3.072279403
334;1997;Q1;haul based;400;1;3;9.314306886;6.373078674;5.987640172;3.475735314;11.14183385;2.600059005;2.600059005;2.085794876
335;1997;Q1;haul based;400;1;4;1.574212729;1.377173739;1.368426235;1.015296855;1.822746815;0.808118312;0.808118312;0.203029427
336;1997;Q1;haul based;400;1;5;0.48011898;0.450463673;0.448048389;0.315994386;0.599984265;0.253172001;0.253172001;0.07395745
337;1997;Q1;haul based;400;1;6;0.199341998;0.232446276;0.231666293;0.143408612;0.328584697;0.111121997;0.111121997;0.047322992
338;1997;Q1;haul based;400;1;7;0.071693157;0.065986193;0.066153506;0.024680303;0.110450655;0.011626286;0.011626286;0.022715826
339;1997;Q1;haul based;400;1;8;0.028323356;0.019043203;0.017733389;0.002229467;0.042541609;0;0;0.010751418
340;1997;Q1;haul based;400;1;9+;0.130385253;0.094684572;0.090472987;0.048211247;0.160819841;0.032147349;0.032147349;0.03000178
341;1997;Q1;haul based;500;1;0;0.13428064;0.103181528;0.07678151;0;0.329710392;0;0;0.093798065
342;1997;Q1;haul based;500;1;1;39.63375826;39.04354338;37.69213123;24.57913272;63.65732194;19.73491185;19.73491185;9.782060437
343;1997;Q1;haul based;500;1;2;16.03515402;12.45532322;12.14195391;7.928837056;18.56952674;6.512752;6.512752;2.628272421
344;1997;Q1;haul based;500;1;3;3.786881537;6.464910551;6.177411923;3.736382148;11.08310666;3.117644572;3.117644572;1.913192108
345;1997;Q1;haul based;500;1;4;1.365789175;1.374381866;1.371122298;1.053012663;1.70719397;0.941232232;0.941232232;0.175050902
346;1997;Q1;haul based;500;1;5;0.482937095;0.457468209;0.461324665;0.316076464;0.599710141;0.269545633;0.269545633;0.072521307
347;1997;Q1;haul based;500;1;6;0.17910431;0.232535408;0.229519855;0.153350656;0.323850687;0.122067238;0.122067238;0.043110211
348;1997;Q1;haul based;500;1;7;0.075162366;0.067277971;0.066512552;0.026684983;0.107104797;0.006054367;0.006054367;0.021124742
349;1997;Q1;haul based;500;1;8;0.033878818;0.019217646;0.018167898;0.003398234;0.040660666;0;0;0.009659457
350;1997;Q1;haul based;500;1;9+;0.078458697;0.090466103;0.088134956;0.047089823;0.152270117;0.03217541;0.03217541;0.026551177
351;1997;Q1;haul based;50;5;0;0;0.123089139;0;0;0.884837133;0;0.858736427;0.32186857
352;1997;Q1;haul based;50;5;1;30.41666395;39.27648727;29.6508626;12.13868981;117.4098705;7.638669298;7.638669298;29.50867774
353;1997;Q1;haul based;50;5;2;11.20173744;11.25182821;9.163073759;3.89248026;31.28522802;2.178212248;2.178212248;7.349073155
354;1997;Q1;haul based;50;5;3;9.829742074;7.007760789;4.516438763;1.827851039;23.84640425;1.303088616;1.303088616;6.723685464
355;1997;Q1;haul based;50;5;4;1.871145232;1.43932938;1.31099669;0.522656149;2.69029722;0.323401975;0.323401975;2.086979006
356;1997;Q1;haul based;50;5;5;0.518515428;0.438959786;0.430154282;0.09461224;0.907671295;0;0;0.204468505
357;1997;Q1;haul based;50;5;6;0.369526294;0.240582068;0.21413176;0.017934509;0.584996907;0;0;0.148961313
358;1997;Q1;haul based;50;5;7;0;0.052995535;0.041261295;0;0.189789959;0;0.043224443;0.056396201
359;1997;Q1;haul based;50;5;8;0.059452446;0.016013798;0;0;0.086448887;0;0.053507202;0.026788752
360;1997;Q1;haul based;50;5;9+;0.061891942;0.13823502;0.118716877;0;0.349372418;0;0;0.092606635
361;1997;Q1;haul based;75;5;0;0;0.084522244;0;0;0.572490951;0;0.429368214;0.182869539
362;1997;Q1;haul based;75;5;1;24.85760088;38.29617903;30.49960861;15.64936979;93.07140382;10.57880399;10.57880399;22.24559825
363;1997;Q1;haul based;75;5;2;10.09078265;11.4069173;9.843235935;4.37981933;26.65164753;2.89604301;2.89604301;6.125808727
364;1997;Q1;haul based;75;5;3;4.481846312;7.124108455;5.584330406;2.380963677;21.20142052;1.632667295;1.632667295;5.01033757
365;1997;Q1;haul based;75;5;4;1.276033741;1.372542643;1.301958498;0.643145385;2.466875136;0.348560247;0.348560247;0.489798559
366;1997;Q1;haul based;75;5;5;0.621456547;0.4376173;0.433675502;0.157122572;0.801038075;0.074003878;0.074003878;0.162185538
367;1997;Q1;haul based;75;5;6;0.337119333;0.240356516;0.224895673;0.071028552;0.496136365;0.017400471;0.017400471;0.115657292
368;1997;Q1;haul based;75;5;7;0.047153938;0.053443225;0.047836501;0;0.1531356;0;0.014408148;0.044591237
369;1997;Q1;haul based;75;5;8;0.044156662;0.017139819;0;0;0.075767847;0;0.028816296;0.022123657
370;1997;Q1;haul based;75;5;9+;0.097256025;0.128607397;0.118624966;0.012967333;0.318947973;0;0;0.079260722
371;1997;Q1;haul based;100;5;0;0.214684107;0.093774523;0;0;0.634856341;0;0.214684107;0.180201557
372;1997;Q1;haul based;100;5;1;28.10298723;38.88613853;32.09829389;17.28019785;93.41228481;12.19503126;12.19503126;21.08114144
373;1997;Q1;haul based;100;5;2;13.91900019;10.9925408;9.69206479;5.017973743;23.41205878;3.782231046;3.782231046;4.729037271
374;1997;Q1;haul based;100;5;3;15.99726887;7.477707753;5.700757571;2.388816622;23.87473435;1.825883706;1.825883706;5.834475097
375;1997;Q1;haul based;100;5;4;1.037146008;1.357536748;1.2977562;0.671703886;2.214925889;0.370605976;0.370605976;0.448055345
376;1997;Q1;haul based;100;5;5;0.550161499;0.445150034;0.437002333;0.189023296;0.745087478;0.112068935;0.112068935;0.151310344
377;1997;Q1;haul based;100;5;6;0.406780716;0.226165587;0.212552558;0.0669128;0.455356996;0.013630737;0.013630737;0.100001198
378;1997;Q1;haul based;100;5;7;0.129331134;0.055279785;0.048026352;0;0.149865642;0;0.005403055;0.044471956
379;1997;Q1;haul based;100;5;8;0.061175015;0.017042751;0.014080843;0;0.063444991;0;0.019949743;0.019614094
380;1997;Q1;haul based;100;5;9+;0.101886188;0.12963164;0.121085141;0.031842606;0.270270276;1.92254E-15;0.000118868;0.063781501
381;1997;Q1;haul based;200;5;0;0.061338316;0.1145061;0.040601098;0;0.496887322;0;0.020384436;0.149877138
382;1997;Q1;haul based;200;5;1;34.15194278;39.19322256;36.40342984;19.41543512;72.87751764;16.3920793;16.3920793;14.44941479
383;1997;Q1;haul based;200;5;2;14.54030586;11.42859965;10.44730318;6.282112088;21.13305181;5.473434688;5.473434688;3.943844384
384;1997;Q1;haul based;200;5;3;5.051210846;6.771454228;5.984226408;3.054465491;15.54546465;2.462367524;2.462367524;3.347182133
385;1997;Q1;haul based;200;5;4;1.482913263;1.381794989;1.364663013;0.919539525;2.024022597;0.678391688;0.678391688;0.295237723
386;1997;Q1;haul based;200;5;5;0.415655653;0.449621001;0.441407412;0.235500061;0.674872967;0.173480502;0.173480502;0.110040835
387;1997;Q1;haul based;200;5;6;0.204897862;0.232331751;0.226175107;0.112704566;0.381315528;0.046264233;0.046264233;0.073468043
388;1997;Q1;haul based;200;5;7;0.078568788;0.058646726;0.055710274;0.006723255;0.126015736;0;0;0.030766141
389;1997;Q1;haul based;200;5;8;0.028676379;0.017713891;0.016214304;0;0.0513582;0;0.004777429;0.01473182
390;1997;Q1;haul based;200;5;9+;0.118965003;0.112844869;0.10496084;0.042031404;0.21840801;0.025666139;0.025666139;0.044541277
391;1997;Q1;haul based;300;5;0;0.003480094;0.106956663;0.052115735;0;0.458428884;0;0.004234517;0.130052664
392;1997;Q1;haul based;300;5;1;32.93139346;40.0434393;37.39374672;22.74538992;70.55026907;18.02082941;18.02082941;12.86707356
393;1997;Q1;haul based;300;5;2;10.33262254;11.97491358;11.4713495;7.094820697;21.02676714;5.979409237;5.979409237;3.441332071
394;1997;Q1;haul based;300;5;3;6.386744537;6.37288796;5.991626185;3.274171907;11.55096902;2.328684073;2.328684073;2.312932395
395;1997;Q1;haul based;300;5;4;1.576407705;1.369455594;1.36201917;0.980899006;1.82617274;0.840681829;0.840681829;0.21281467
396;1997;Q1;haul based;300;5;5;0.386982273;0.45613284;0.448692246;0.304032854;0.639081496;0.20871572;0.20871572;0.088225369
397;1997;Q1;haul based;300;5;6;0.247049792;0.23058591;0.227026772;0.130686447;0.352648954;0.089412587;0.089412587;0.055214015
398;1997;Q1;haul based;300;5;7;0.053687272;0.06230895;0.06095834;0.014177338;0.117479082;0.0077804;0.0077804;0.026850243
399;1997;Q1;haul based;300;5;8;0.016045514;0.018829233;0.017149744;0;0.046687948;0;0;0.012697045
400;1997;Q1;haul based;300;5;9+;0.040867379;0.100850321;0.096487135;0.043065955;0.184652408;0.023723682;0.023723682;0.036905438
401;1997;Q1;haul based;400;5;0;0.093310852;0.105144886;0.077651534;0;0.352695318;0;0;0.103209828
402;1997;Q1;haul based;400;5;1;25.98690373;38.43071126;37.10744899;22.30228181;62.17206148;18.36928693;18.36928693;10.73931388
403;1997;Q1;haul based;400;5;2;14.00392675;12.34565738;12.02577786;7.690951208;18.71885621;6.889808325;6.889808325;2.925191782
404;1997;Q1;haul based;400;5;3;9.016703813;6.468591753;6.10230624;3.651557758;10.75379043;3.279640314;3.279640314;2.082171803
405;1997;Q1;haul based;400;5;4;1.571529132;1.364492035;1.362282537;1.01526342;1.7644112;0.886640076;0.886640076;0.195366053
406;1997;Q1;haul based;400;5;5;0.459001358;0.453457753;0.454130206;0.322091009;0.586730035;0.252651505;0.252651505;0.072176347
407;1997;Q1;haul based;400;5;6;0.214312244;0.231767214;0.230313695;0.143085177;0.319765192;0.120142669;0.120142669;0.04647003
408;1997;Q1;haul based;400;5;7;0.071693157;0.06565562;0.063484394;0.022310211;0.118081841;0.011327749;0.011327749;0.025181395
409;1997;Q1;haul based;400;5;8;0.028323356;0.018257979;0.016721;0;0.044273151;0;0;0.01126412
410;1997;Q1;haul based;400;5;9+;0.129383318;0.096248004;0.092953949;0.046983224;0.163570034;0.034683159;0.034683159;0.030054347
411;1997;Q1;haul based;500;5;0;0.13428064;0.096481222;0.07678151;0;0.321753406;0;0;0.089094074
412;1997;Q1;haul based;500;5;1;39.63291902;38.73957682;37.07930813;23.86314476;61.8162934;21.84448109;21.84448109;9.663932331
413;1997;Q1;haul based;500;5;2;15.98983483;12.66665952;12.45213241;8.172152188;18.3086478;6.598663129;6.598663129;2.606228224
414;1997;Q1;haul based;500;5;3;3.829436288;6.419925533;6.04486191;3.790392515;10.76206804;2.775968001;2.775968001;1.886002847
415;1997;Q1;haul based;500;5;4;1.364315456;1.36619956;1.359046578;1.047263457;1.752017981;0.872682064;0.872682064;0.177016746
416;1997;Q1;haul based;500;5;5;0.472408224;0.460597333;0.458343785;0.33647151;0.591692783;0.274833397;0.274833397;0.066853552
417;1997;Q1;haul based;500;5;6;0.194710577;0.231064446;0.231478788;0.151719374;0.31171049;0.110378851;0.110378851;0.040946697
418;1997;Q1;haul based;500;5;7;0.075162366;0.065159427;0.064019316;0.024820398;0.110919398;0.010976325;0.010976325;0.022008011
419;1997;Q1;haul based;500;5;8;0.033878818;0.018403636;0.017426266;0.002229467;0.038965089;0;0;0.009782649
420;1997;Q1;haul based;500;5;9+;0.078458697;0.090282389;0.087456185;0.044931575;0.158378345;0.022005658;0.022005658;0.029453888
