;Year;Quarter;ALK_area;Otolith_per5cm;age;mean;median;Q025;Q975;BiasCQ025;BiasCQ075;sd;cv
1;2015;Q1;area based;1;0;0;0;0;0;0;0;0;#N/A
2;2015;Q1;area based;1;1;3.773588555;3.780936053;3.014125832;4.531984302;2.543940863;3.557535563;0.412178813;0.10922728
3;2015;Q1;area based;1;2;10.68498683;10.58887093;8.526803145;13.30390144;8.422176594;13.23098309;1.292443934;0.12095887
4;2015;Q1;area based;1;3;5.217606163;5.160342022;4.081277935;6.540477409;3.975779639;6.325278883;0.620165647;0.118860188
5;2015;Q1;area based;1;4;1.957356589;1.947274796;1.314536328;2.637946441;1.275154459;2.594751902;0.338330921;0.172850937
6;2015;Q1;area based;1;5;0.712029561;0.696373474;0.413391279;1.082946294;0.399466288;1.057667254;0.179262082;0.251762134
7;2015;Q1;area based;1;6+;0.645442626;0.638247097;0.328234481;0.984421821;0.280458391;0.876961006;0.181556681;0.281290193
8;2015;Q1;area based;2;0;0;0;0;0;0;0;0;#N/A
9;2015;Q1;area based;2;1;3.787859744;3.766899475;2.940803016;4.637549497;2.45737419;3.625087479;0.441643944;0.116594587
10;2015;Q1;area based;2;2;10.7394754;10.70272389;8.36071997;13.16130372;8.09366661;12.86161749;1.241415126;0.115593647
11;2015;Q1;area based;2;3;5.271061616;5.250546388;4.272675445;6.348159412;4.074755312;5.980747676;0.542489443;0.102918441
12;2015;Q1;area based;2;4;1.954954224;1.953353511;1.464529993;2.486232418;1.419918671;2.40482594;0.267883308;0.137027919
13;2015;Q1;area based;2;5;0.715278403;0.707691687;0.436678805;1.108113108;0.413549865;1.016240049;0.165169491;0.230916368
14;2015;Q1;area based;2;6+;0.641292678;0.640179192;0.359119016;0.94691353;0.303466153;0.850466057;0.161796136;0.252296871
15;2015;Q1;area based;3;0;0;0;0;0;0;0;0;#N/A
16;2015;Q1;area based;3;1;3.803939426;3.812565738;2.966116044;4.672221302;2.580888543;3.740552134;0.440833557;0.11588869
17;2015;Q1;area based;3;2;10.69648564;10.64024719;8.414188238;13.14148012;8.252873099;12.879076;1.25560565;0.117384877
18;2015;Q1;area based;3;3;5.271140991;5.239595587;4.309539515;6.336730398;3.934395818;5.984276779;0.53797557;0.102060554
19;2015;Q1;area based;3;4;1.963199668;1.959656121;1.501477957;2.466074711;1.40694805;2.365141561;0.253378164;0.129063879
20;2015;Q1;area based;3;5;0.721252881;0.714938892;0.460234757;1.026600095;0.415592519;0.965372395;0.152357952;0.211240684
21;2015;Q1;area based;3;6+;0.650430918;0.642339093;0.368696465;0.953325538;0.330430819;0.822009704;0.160141587;0.246208448
22;2015;Q1;area based;4;0;0;0;0;0;0;0;0;#N/A
23;2015;Q1;area based;4;1;3.795579977;3.815948453;2.977712542;4.607294383;2.77595243;3.591256369;0.407198814;0.107282369
24;2015;Q1;area based;4;2;10.72862694;10.68548357;8.40494851;13.02056687;8.13697577;12.84512006;1.223142267;0.114007344
25;2015;Q1;area based;4;3;5.274910786;5.252454379;4.310836677;6.23922733;3.997652262;5.932556814;0.497617851;0.094336733
26;2015;Q1;area based;4;4;1.962625081;1.968872234;1.499023407;2.472822347;1.41019943;2.335627878;0.240333449;0.122455099
27;2015;Q1;area based;4;5;0.714221422;0.707698458;0.465869221;0.986493673;0.412601276;0.94065791;0.1410808;0.197530899
28;2015;Q1;area based;4;6+;0.646807901;0.636825728;0.370514389;0.948177164;0.339468817;0.803194848;0.147354127;0.22781745
29;2015;Q1;area based;5;0;0;0;0;0;0;0;0;#N/A
30;2015;Q1;area based;5;1;3.801820247;3.794353867;2.981638194;4.66547228;2.446841861;3.492727632;0.424243832;0.111589661
31;2015;Q1;area based;5;2;10.66279022;10.68474677;8.501543483;12.85661608;8.403145428;12.6497566;1.239785541;0.11627215
32;2015;Q1;area based;5;3;5.27611425;5.290596259;4.257584097;6.334428813;3.957220756;6.013506902;0.52451763;0.099413622
33;2015;Q1;area based;5;4;1.978189014;1.973700176;1.545083569;2.410336361;1.442212878;2.324757925;0.232583978;0.117574194
34;2015;Q1;area based;5;5;0.726749334;0.723518415;0.494684927;1.005187989;0.450539975;0.898095038;0.129537124;0.17824182
35;2015;Q1;area based;5;6+;0.651647352;0.643968412;0.368750709;0.937385535;0.341341344;0.777923128;0.145097857;0.222663157
36;2015;Q1;area based;C;0;0;0;0;0;0;0;0;#N/A
37;2015;Q1;area based;C;1;3.784574768;3.778403108;2.925049916;4.603144105;2.633660124;3.637158197;0.443340023;0.117143946
38;2015;Q1;area based;C;2;10.68837191;10.66491455;8.285723075;12.93478626;8.068381416;12.72160994;1.239625703;0.115978908
39;2015;Q1;area based;C;3;5.29764999;5.305383248;4.355491497;6.18304551;4.143768991;5.784081775;0.466824123;0.088119095
40;2015;Q1;area based;C;4;1.973498188;1.966693797;1.576615306;2.436426945;1.517097732;2.323434821;0.22409021;0.113549742
41;2015;Q1;area based;C;5;0.719945209;0.71239214;0.480834791;0.960510222;0.410504748;0.91439981;0.130491232;0.181251616
42;2015;Q1;area based;C;6+;0.651419861;0.648566306;0.375179844;0.924733491;0.35322211;0.810495009;0.147648846;0.226656961
43;2016;Q1;area based;1;0;0;0;0;0;0;0;0;#N/A
44;2016;Q1;area based;1;1;1.393237755;1.393535771;1.119518031;1.667310504;1.199890402;1.784917354;0.139402982;0.100056851
45;2016;Q1;area based;1;2;4.073664418;4.012593483;2.860191161;5.551501298;2.924898768;5.607021535;0.700062158;0.171850719
46;2016;Q1;area based;1;3;5.927439055;5.91519637;4.930157634;6.962950644;5.173206209;7.155342475;0.544340865;0.091834072
47;2016;Q1;area based;1;4;2.704228688;2.68018319;2.067383657;3.409448014;2.125343618;3.491725927;0.347045842;0.128334502
48;2016;Q1;area based;1;5;1.001258308;0.988597845;0.72307208;1.341975043;0.614857147;1.172850742;0.150347714;0.150158769
49;2016;Q1;area based;1;6+;0.637036434;0.633307067;0.424583758;0.860461045;0.492534716;0.923406744;0.110668513;0.173723994
50;2016;Q1;area based;2;0;0;0;0;0;0;0;0;#N/A
51;2016;Q1;area based;2;1;1.391673685;1.387828059;1.129235986;1.662460418;1.21222429;1.772089146;0.136979299;0.098427742
52;2016;Q1;area based;2;2;4.00919504;3.977478802;2.861172093;5.370864067;2.964988789;5.511802584;0.67051393;0.167244029
53;2016;Q1;area based;2;3;5.967327626;5.988392593;4.987891371;6.999998709;5.191630522;7.180318479;0.534096571;0.089503477
54;2016;Q1;area based;2;4;2.69708552;2.671450817;2.104065333;3.391051809;2.207984451;3.450088842;0.328987994;0.121979074
55;2016;Q1;area based;2;5;0.984534101;0.985343735;0.750040906;1.235388904;0.687009899;1.128325202;0.124794725;0.126755106
56;2016;Q1;area based;2;6+;0.635027559;0.636991853;0.434004751;0.83362096;0.498947613;0.904643984;0.105901397;0.166766615
57;2016;Q1;area based;3;0;0;0;0;0;0;0;0;#N/A
58;2016;Q1;area based;3;1;1.38111778;1.374977889;1.080753814;1.682145668;1.215554328;1.767906911;0.14755421;0.106836804
59;2016;Q1;area based;3;2;4.067686628;4.014191175;2.874571029;5.483519918;2.938598715;5.618573897;0.69438092;0.170706592
60;2016;Q1;area based;3;3;5.973074288;5.962735136;4.991178374;7.100048927;5.205634375;7.272215005;0.547039939;0.091584319
61;2016;Q1;area based;3;4;2.695105543;2.677699692;2.136638652;3.273886807;2.181035345;3.341204425;0.295012797;0.109462428
62;2016;Q1;area based;3;5;0.989153909;0.986172999;0.774886507;1.230410357;0.734660136;1.125444325;0.117425753;0.118713329
63;2016;Q1;area based;3;6+;0.635148365;0.637580958;0.441918219;0.812689372;0.499664862;0.87327053;0.096751275;0.152328622
64;2016;Q1;area based;4;0;0;0;0;0;0;0;0;#N/A
65;2016;Q1;area based;4;1;1.382587959;1.376797945;1.154968624;1.649281604;1.232742731;1.743581426;0.130704917;0.094536421
66;2016;Q1;area based;4;2;4.072543832;4.071016329;2.868641838;5.494310518;2.859293458;5.475951152;0.685370751;0.168290577
67;2016;Q1;area based;4;3;5.930689916;5.957923758;4.909019931;6.970985105;5.131914087;7.135830702;0.53864612;0.090823518
68;2016;Q1;area based;4;4;2.683946678;2.696418238;2.080153805;3.276336887;2.122417077;3.336327401;0.297162958;0.110718652
69;2016;Q1;area based;4;5;0.984115581;0.983079346;0.793969931;1.216560168;0.645947267;1.092992467;0.10888888;0.110646435
70;2016;Q1;area based;4;6+;0.635377613;0.637741683;0.449369739;0.826267952;0.517826388;0.877414623;0.098072635;0.154353305
71;2016;Q1;area based;5;0;0;0;0;0;0;0;0;#N/A
72;2016;Q1;area based;5;1;1.39236733;1.387369802;1.131147009;1.658692492;1.204146477;1.726415131;0.139070829;0.099880848
73;2016;Q1;area based;5;2;4.068811228;4.009879551;2.955999169;5.547263715;2.982502958;5.629739755;0.685836322;0.168559386
74;2016;Q1;area based;5;3;5.91215086;5.903800707;4.933636643;6.855611995;5.313524981;7.140171947;0.493791947;0.08352154
75;2016;Q1;area based;5;4;2.67988609;2.684660732;2.176270378;3.214664778;2.223313235;3.29537689;0.279159874;0.10416856
76;2016;Q1;area based;5;5;0.982205095;0.977802517;0.780452758;1.207946969;0.712745623;1.107170008;0.108337544;0.110300328
77;2016;Q1;area based;5;6+;0.637833319;0.643726057;0.435273451;0.851994262;0.483412819;0.874958863;0.102812883;0.161190831
78;2016;Q1;area based;C;0;0;0;0;0;0;0;0;#N/A
79;2016;Q1;area based;C;1;1.389380541;1.383363774;1.123714385;1.665646057;1.22267715;1.770345744;0.139272219;0.100240513
80;2016;Q1;area based;C;2;4.069651789;4.035641062;2.870815376;5.545213572;2.887397271;5.651145442;0.728649549;0.179044691
81;2016;Q1;area based;C;3;5.948239533;5.93256606;4.937063641;7.035189098;5.183191905;7.317955335;0.549248204;0.092337943
82;2016;Q1;area based;C;4;2.682330519;2.665816441;2.160087884;3.230840007;2.28019037;3.34539623;0.280610994;0.104614622
83;2016;Q1;area based;C;5;0.976652754;0.97298111;0.785902753;1.211113017;0.711583853;1.10901103;0.106836593;0.109390562
84;2016;Q1;area based;C;6+;0.63432993;0.633126531;0.451982798;0.811515038;0.520515494;0.869561548;0.092656564;0.146069987
85;2017;Q1;area based;1;0;0;0;0;0;0;0;0;#N/A
86;2017;Q1;area based;1;1;9.08729121;9.09713843;7.69853044;10.55644347;7.408495386;10.10434334;0.743508057;0.081818447
87;2017;Q1;area based;1;2;2.35274574;2.341858257;1.956632165;2.767672043;1.962429335;2.795489873;0.22396658;0.095193703
88;2017;Q1;area based;1;3;3.327872191;3.295128949;2.390614002;4.360566328;2.26011712;4.181383157;0.504865541;0.151708212
89;2017;Q1;area based;1;4;3.181733602;3.130976583;2.023865358;4.550572235;2.025497371;4.557125352;0.653875614;0.205509227
90;2017;Q1;area based;1;5;1.419502087;1.39226975;0.926042111;2.062040313;1.066680222;2.374343351;0.290835368;0.204885481
91;2017;Q1;area based;1;6+;0.839728894;0.833871385;0.31780813;1.573397255;0.313902876;1.532477543;0.359654008;0.428297764
92;2017;Q1;area based;2;0;0;0;0;0;0;0;0;#N/A
93;2017;Q1;area based;2;1;9.134872332;9.204066428;7.636456806;10.53557876;7.202719797;9.913089929;0.714376167;0.078203191
94;2017;Q1;area based;2;2;2.328283776;2.333374746;1.912623468;2.793915972;1.970964773;2.871486606;0.222659626;0.095632512
95;2017;Q1;area based;2;3;3.280425958;3.262612267;2.453301945;4.231978951;2.307971671;4.086048579;0.472389712;0.144002553
96;2017;Q1;area based;2;4;3.10229581;3.091262427;2.02052512;4.205760093;2.111831779;4.310811725;0.570375092;0.183855804
97;2017;Q1;area based;2;5;1.392127791;1.378255439;0.960927011;1.931757535;1.095304649;2.294832207;0.252366046;0.181280805
98;2017;Q1;area based;2;6+;0.818458126;0.830485646;0.327199407;1.53603513;0.321994296;1.510998932;0.353651534;0.432094841
99;2017;Q1;area based;3;0;0;0;0;0;0;0;0;#N/A
100;2017;Q1;area based;3;1;9.094374697;9.045870174;7.685785299;10.54439061;7.311621715;10.16390699;0.764473602;0.084060051
101;2017;Q1;area based;3;2;2.322166536;2.309814906;1.888876422;2.770998434;1.949677826;2.881559586;0.23362108;0.100604791
102;2017;Q1;area based;3;3;3.295016904;3.275087964;2.437876525;4.210098023;2.315055795;4.073268672;0.461179883;0.139962828
103;2017;Q1;area based;3;4;3.130191889;3.112602393;2.076523792;4.358122662;2.097226655;4.394301494;0.575507365;0.183856896
104;2017;Q1;area based;3;5;1.417820596;1.405776226;1.067157234;1.908889029;1.123233179;2.000487797;0.220431697;0.155472207
105;2017;Q1;area based;3;6+;0.851036437;0.833829569;0.344120132;1.671172961;0.336141125;1.662479433;0.358158189;0.420849418
106;2017;Q1;area based;4;0;0;0;0;0;0;0;0;#N/A
107;2017;Q1;area based;4;1;9.092913201;9.099872102;7.633489798;10.47211739;7.456820993;10.0454392;0.721006636;0.07929325
108;2017;Q1;area based;4;2;2.309775637;2.302334398;1.887232671;2.728542768;1.958385296;2.818274581;0.221456007;0.095877714
109;2017;Q1;area based;4;3;3.291470128;3.276518011;2.469518868;4.197135547;2.349068297;4.015910505;0.444804157;0.135138446
110;2017;Q1;area based;4;4;3.164947121;3.138673219;2.115401978;4.354446857;2.115401978;4.354446857;0.586532745;0.185321499
111;2017;Q1;area based;4;5;1.448020979;1.450142706;1.042230848;1.909951323;1.064956086;1.944499046;0.223491727;0.154342879
112;2017;Q1;area based;4;6+;0.859294232;0.848721071;0.327223419;1.691619183;0.319324937;1.605090183;0.370244077;0.430869966
113;2017;Q1;area based;5;0;0;0;0;0;0;0;0;#N/A
114;2017;Q1;area based;5;1;9.209554079;9.191194893;7.804692356;10.70628908;7.484547206;10.10113891;0.760071924;0.082530806
115;2017;Q1;area based;5;2;2.326567863;2.310664414;1.897704711;2.81403045;1.985928384;2.884381555;0.232178979;0.09979463
116;2017;Q1;area based;5;3;3.323578346;3.310514196;2.434346958;4.197866049;2.268181075;3.973886668;0.450281154;0.13548083
117;2017;Q1;area based;5;4;3.154477639;3.115191203;2.076762128;4.228673613;2.116334788;4.307164541;0.56292521;0.17845275
118;2017;Q1;area based;5;5;1.440609177;1.439758805;1.025590859;1.865745532;1.071954779;1.895966387;0.21157815;0.14686714
119;2017;Q1;area based;5;6+;0.848529663;0.841347713;0.327671806;1.641733181;0.311389523;1.430296426;0.352366408;0.415267048
120;2017;Q1;area based;C;0;0;0;0;0;0;0;0;#N/A
121;2017;Q1;area based;C;1;9.180485892;9.238623089;7.789950653;10.64270335;7.481570274;9.924346487;0.734092228;0.079962241
122;2017;Q1;area based;C;2;2.333136814;2.334984057;1.917671053;2.752865386;1.958065059;2.762514615;0.218909041;0.093826063
123;2017;Q1;area based;C;3;3.299230156;3.286053973;2.499750016;4.140326571;2.317622708;4.032860329;0.442807447;0.134215385
124;2017;Q1;area based;C;4;3.149070904;3.135349016;2.09299626;4.202521264;2.094011421;4.207512035;0.555455433;0.176387084
125;2017;Q1;area based;C;5;1.428307087;1.426747579;1.062930953;1.871447369;1.137069189;1.905898706;0.199421982;0.139621223
126;2017;Q1;area based;C;6+;0.859401726;0.844181202;0.34919645;1.682830956;0.327724281;1.613030531;0.351680158;0.409215094
127;2018;Q1;area based;1;0;0;0;0;0;0;0;0;#N/A
128;2018;Q1;area based;1;1;0.922126424;0.922830578;0.667073015;1.168133457;0.579319544;1.072931654;0.131106224;0.142178145
129;2018;Q1;area based;1;2;6.759317876;6.708508495;5.201182798;9.057195245;5.133464646;8.877365596;0.974812006;0.144217512
130;2018;Q1;area based;1;3;1.670809148;1.667736135;1.317534327;2.057960455;1.363386776;2.083179881;0.195196289;0.1168274
131;2018;Q1;area based;1;4;1.506988278;1.490989179;0.923356916;2.198431078;1.270835038;2.625064166;0.343012784;0.227614766
132;2018;Q1;area based;1;5;0.694230314;0.663494861;0.429018047;1.115654164;0.537016789;1.369735349;0.182413572;0.262756564
133;2018;Q1;area based;1;6+;0.874031925;0.835253535;0.352316888;1.553295624;0.6465537;1.815771224;0.317722059;0.363513105
134;2018;Q1;area based;2;0;0;0;0;0;0;0;0;#N/A
135;2018;Q1;area based;2;1;0.924816243;0.931104229;0.672320242;1.174260563;0.617216932;1.041167179;0.129024854;0.139514044
136;2018;Q1;area based;2;2;6.765956921;6.624666162;5.183209779;9.025834376;5.219778062;9.077860787;1.042730627;0.154114287
137;2018;Q1;area based;2;3;1.650230651;1.655124444;1.322413782;1.968781536;1.374192099;2.009166725;0.167176806;0.101305115
138;2018;Q1;area based;2;4;1.522189495;1.521058348;0.917060472;2.179889562;1.260004447;2.370327575;0.331999312;0.218106427
139;2018;Q1;area based;2;5;0.702750546;0.6890341;0.445183117;1.029821684;0.559250225;1.08810307;0.158082295;0.22494795
140;2018;Q1;area based;2;6+;0.87623698;0.879056829;0.363090892;1.428029613;0.605163556;1.667761598;0.308465535;0.352034372
141;2018;Q1;area based;3;0;0;0;0;0;0;0;0;#N/A
142;2018;Q1;area based;3;1;0.926899981;0.925173787;0.679550587;1.15123158;0.600025504;1.055908305;0.123603404;0.133351393
143;2018;Q1;area based;3;2;6.737125998;6.691488211;5.156619096;8.925776077;5.129559931;8.772026117;1.023931916;0.151983489
144;2018;Q1;area based;3;3;1.65880469;1.662253848;1.348228213;1.949057001;1.399727773;2.011642499;0.157930458;0.095207386
145;2018;Q1;area based;3;4;1.496636518;1.501633362;0.958365324;2.087026815;1.362822744;2.435969277;0.302746975;0.202284905
146;2018;Q1;area based;3;5;0.696849278;0.676893014;0.456446036;1.010489893;0.605435497;1.269256316;0.143078998;0.205322732
147;2018;Q1;area based;3;6+;0.853311616;0.852892735;0.362648337;1.401120236;0.647934022;1.575406969;0.294268119;0.344854229
148;2018;Q1;area based;4;0;0;0;0;0;0;0;0;#N/A
149;2018;Q1;area based;4;1;0.927615802;0.930328557;0.691932582;1.185605185;0.616005801;1.038130823;0.123866552;0.133532171
150;2018;Q1;area based;4;2;6.753654274;6.662737568;5.214477408;8.776970521;5.218847633;8.790539542;0.94885019;0.140494339
151;2018;Q1;area based;4;3;1.652805655;1.652526144;1.335516446;1.958562303;1.414500931;1.993049745;0.153345475;0.09277889
152;2018;Q1;area based;4;4;1.512359711;1.503945571;0.905806069;2.107848521;1.314724547;2.318214343;0.311601008;0.206036306
153;2018;Q1;area based;4;5;0.699810492;0.685630928;0.463297636;0.999000584;0.599988632;1.124154008;0.136969184;0.195723251
154;2018;Q1;area based;4;6+;0.868439175;0.874712813;0.345777174;1.385519891;0.62711215;1.518887955;0.290424276;0.334420975
155;2018;Q1;area based;5;0;0;0;0;0;0;0;0;#N/A
156;2018;Q1;area based;5;1;0.922235081;0.926546049;0.688705543;1.163733314;0.58926589;1.042954162;0.125875254;0.136489336
157;2018;Q1;area based;5;2;6.83646595;6.817744471;5.271905657;8.847648083;5.074956673;8.440436007;1.006848101;0.147276108
158;2018;Q1;area based;5;3;1.655501453;1.648466401;1.365143037;1.965949272;1.423182286;2.034034198;0.15628876;0.094405692
159;2018;Q1;area based;5;4;1.501152389;1.494375567;0.889969295;2.083627971;1.294984222;2.401383841;0.31653314;0.210860098
160;2018;Q1;area based;5;5;0.691752104;0.682229463;0.464873252;0.968817586;0.619431943;1.130141612;0.131926829;0.190714027
161;2018;Q1;area based;5;6+;0.852527929;0.857715362;0.358543249;1.367932621;0.71320768;1.504204273;0.283280736;0.332283233
162;2018;Q1;area based;C;0;0;0;0;0;0;0;0;#N/A
163;2018;Q1;area based;C;1;0.921839969;0.921417481;0.681508612;1.164928941;0.619825671;1.031448656;0.122856191;0.133272797
164;2018;Q1;area based;C;2;6.78817643;6.758326345;5.153140635;9.141028896;5.049695627;8.843130964;1.033267271;0.152215736
165;2018;Q1;area based;C;3;1.642492414;1.648011118;1.360228217;1.929202559;1.415327235;1.995947462;0.149360892;0.090935514
166;2018;Q1;area based;C;4;1.495368466;1.483491163;0.94287571;2.089853919;1.36686931;2.275028382;0.298975408;0.199934273
167;2018;Q1;area based;C;5;0.693772445;0.687451164;0.490352955;0.931014027;0.634995657;0.998006815;0.119052182;0.171601197
168;2018;Q1;area based;C;6+;0.857408778;0.860107134;0.340007652;1.386951362;0.67671134;1.442511075;0.279898574;0.326447059
169;2015;Q3;area based;1;0;0.08406703;0.082973785;0.048421931;0.125480441;0.074655624;0.153158563;0.02005779;0.238592827
170;2015;Q3;area based;1;1;3.634364394;3.640281607;2.728811203;4.598989294;3.63979145;5.099563543;0.490748171;0.135029985
171;2015;Q3;area based;1;2;8.407792793;8.386434505;6.458302934;10.3082703;6.965265599;10.70965835;1.042015416;0.123934479
172;2015;Q3;area based;1;3;3.237222263;3.204556347;2.594652202;3.945939004;2.851244989;4.128359384;0.351050549;0.108441905
173;2015;Q3;area based;1;4;1.185083354;1.172664673;0.901385822;1.514072283;1.103948437;1.674501388;0.155821853;0.131485986
174;2015;Q3;area based;1;5;0.415468161;0.411298072;0.282100615;0.576369796;0.297318854;0.603109298;0.07619262;0.183389792
175;2015;Q3;area based;1;6+;0.457013918;0.446558365;0.306155347;0.641008764;0.34903065;0.701938518;0.087733348;0.191970845
176;2015;Q3;area based;2;0;0.083481464;0.083365867;0.043403365;0.124717537;0.071402184;0.148106323;0.020861494;0.249893727
177;2015;Q3;area based;2;1;3.642756407;3.630756397;2.643743449;4.671949949;3.535475981;5.238272657;0.506375072;0.139008766
178;2015;Q3;area based;2;2;8.345430111;8.356699652;6.512191189;10.26729696;7.074230894;10.91003148;1.06168161;0.127217123
179;2015;Q3;area based;2;3;3.213332408;3.210954641;2.639746772;3.790516136;2.946779812;4.027541712;0.291734143;0.09078866
180;2015;Q3;area based;2;4;1.188937938;1.194212224;0.939160767;1.452588957;1.148646744;1.535070849;0.134100279;0.112789974
181;2015;Q3;area based;2;5;0.419393663;0.420000049;0.296973662;0.543477326;0.297067133;0.543732796;0.061466202;0.146559681
182;2015;Q3;area based;2;6+;0.465908914;0.468940318;0.307949631;0.63274918;0.352213627;0.691064413;0.083904652;0.180088102
183;2015;Q3;area based;3;0;0.084391854;0.08387264;0.046985222;0.124392663;0.071953211;0.143529264;0.020237407;0.239802845
184;2015;Q3;area based;3;1;3.655966835;3.634084645;2.696921607;4.680845205;3.416849511;5.449339903;0.529588462;0.144855926
185;2015;Q3;area based;3;2;8.345236885;8.31247728;6.548683291;10.23851378;7.100942062;10.6199442;1.036715982;0.124228467
186;2015;Q3;area based;3;3;3.228625443;3.226209578;2.727934613;3.802218001;2.972981475;4.046321409;0.278043671;0.08611828
187;2015;Q3;area based;3;4;1.192946105;1.193362663;0.960733299;1.442379403;1.152344961;1.618885347;0.128877281;0.108032778
188;2015;Q3;area based;3;5;0.425241946;0.42221437;0.318982771;0.538610685;0.317159245;0.536581522;0.057120977;0.13432583
189;2015;Q3;area based;3;6+;0.46876938;0.46952852;0.325150966;0.622436627;0.36306051;0.659762074;0.075481888;0.161021371
190;2015;Q3;area based;4;0;0.083702326;0.084428523;0.046092727;0.126461346;0.075403769;0.143804746;0.020570707;0.245760281
191;2015;Q3;area based;4;1;3.644224122;3.685781768;2.628589508;4.640420308;3.62167706;5.072614858;0.527074881;0.144632949
192;2015;Q3;area based;4;2;8.426838734;8.366815219;6.591983397;10.33019788;7.019847705;10.70187472;1.083851736;0.12861902
193;2015;Q3;area based;4;3;3.219004717;3.217354442;2.73308155;3.74556652;2.997333866;3.937491578;0.262732637;0.081619215
194;2015;Q3;area based;4;4;1.190273023;1.18885003;0.953924804;1.448232022;1.160437563;1.550258431;0.125370106;0.105328864
195;2015;Q3;area based;4;5;0.417381873;0.417915508;0.30452088;0.536870288;0.310225283;0.540165501;0.058421883;0.139972256
196;2015;Q3;area based;4;6+;0.463508949;0.462512312;0.316128531;0.61616477;0.38282125;0.659098165;0.072749125;0.156953011
197;2015;Q3;area based;5;0;0.083095824;0.080761042;0.044272652;0.128152893;0.073013482;0.149168103;0.021471453;0.258393888
198;2015;Q3;area based;5;1;3.628310515;3.611501255;2.694940387;4.670290276;3.632326548;5.355726556;0.509928331;0.140541536
199;2015;Q3;area based;5;2;8.375172079;8.403884039;6.454348161;10.29886529;7.02622718;10.7421086;1.071731081;0.127965261
200;2015;Q3;area based;5;3;3.219645523;3.209733861;2.740683402;3.750338587;3.013956794;3.986968175;0.258020959;0.080139555
201;2015;Q3;area based;5;4;1.185974861;1.188664375;0.954368472;1.41612058;1.193989557;1.536675202;0.117965053;0.09946674
202;2015;Q3;area based;5;5;0.422478925;0.423291462;0.312040556;0.533700987;0.308680558;0.524750633;0.056636018;0.134056433
203;2015;Q3;area based;5;6+;0.462759904;0.462836759;0.320403337;0.611830799;0.366454196;0.649456348;0.076938083;0.166259181
204;2015;Q3;area based;C;0;0.08511032;0.084613147;0.047147359;0.12301203;0.066838839;0.134073143;0.020966338;0.246343074
205;2015;Q3;area based;C;1;3.677775518;3.680774308;2.660873368;4.618765594;3.558517135;5.139560806;0.51343483;0.139604722
206;2015;Q3;area based;C;2;8.513484256;8.495473973;6.662816401;10.28335935;6.941847454;10.57911452;1.042540252;0.12245753
207;2015;Q3;area based;C;3;3.230472366;3.218350993;2.754637656;3.748641289;2.996977147;3.893227044;0.254521863;0.078787816
208;2015;Q3;area based;C;4;1.186493298;1.18705825;0.965833717;1.433088001;1.170141984;1.529497735;0.12425378;0.104723542
209;2015;Q3;area based;C;5;0.422037068;0.42335855;0.31964601;0.527479764;0.318608048;0.520852327;0.055275411;0.130972882
210;2015;Q3;area based;C;6+;0.461238099;0.454423908;0.325593373;0.609389155;0.372475863;0.646678399;0.074173478;0.160813858
211;2016;Q3;area based;1;0;10.49135348;10.46469224;7.382013311;13.93697046;8.237559761;14.29687825;1.679593952;0.160093162
212;2016;Q3;area based;1;1;2.911023269;2.906391058;2.043733027;3.760546391;2.432125794;3.979479581;0.446939443;0.153533449
213;2016;Q3;area based;1;2;3.942144621;3.719171626;2.519977092;5.454122254;2.939906058;5.739333196;0.970377312;0.246154671
214;2016;Q3;area based;1;3;3.831629123;3.819483406;3.029868462;4.631628304;3.711172219;5.101277995;0.409827076;0.106958962
215;2016;Q3;area based;1;4;2.082708529;2.073466181;1.72495611;2.502798353;1.73566006;2.540419324;0.206542532;0.099170157
216;2016;Q3;area based;1;5;0.439370843;0.426848563;0.284355983;0.657257495;0.352852955;0.764381572;0.093284548;0.212313926
217;2016;Q3;area based;1;6+;0.484162105;0.479367264;0.3568677;0.62990673;0.486131298;0.771128857;0.071854057;0.14840909
218;2016;Q3;area based;2;0;10.71389716;10.71134428;7.374320916;14.02362957;7.913992597;14.49696695;1.747705177;0.163125066
219;2016;Q3;area based;2;1;2.947957222;2.919153974;2.159452868;3.880437451;2.451363948;4.097639296;0.443103976;0.150308821
220;2016;Q3;area based;2;2;4.03626309;4.410995867;2.506771935;5.411235666;2.930943534;5.748558197;0.975151657;0.241597645
221;2016;Q3;area based;2;3;3.870494117;3.856637845;3.122881618;4.656355399;3.827268702;5.165263258;0.394806814;0.102004241
222;2016;Q3;area based;2;4;2.065804203;2.066769804;1.749518424;2.415844511;1.774916666;2.433536271;0.17228347;0.083397773
223;2016;Q3;area based;2;5;0.436782245;0.430814665;0.297003415;0.600191151;0.359863686;0.701075981;0.079896659;0.182921032
224;2016;Q3;area based;2;6+;0.484698469;0.481425572;0.369396533;0.608621055;0.514130393;0.712488175;0.059938369;0.123661147
225;2016;Q3;area based;3;0;10.50772613;10.61185796;7.30447153;13.64135612;8.289579539;14.61604071;1.661554216;0.158126905
226;2016;Q3;area based;3;1;2.91867505;2.895790885;2.153585326;3.868914354;2.493610465;4.293969827;0.440701305;0.150993618
227;2016;Q3;area based;3;2;3.985727585;4.350314326;2.584741525;5.317084485;2.943640571;5.584632476;0.960599524;0.241009829
228;2016;Q3;area based;3;3;3.846687296;3.852604713;3.091303624;4.561742842;3.817592088;4.935511525;0.375047415;0.097498805
229;2016;Q3;area based;3;4;2.068054318;2.070732075;1.75747654;2.384727768;1.815767337;2.4230312;0.158385186;0.076586569
230;2016;Q3;area based;3;5;0.432486479;0.426381612;0.305427329;0.582175144;0.388125698;0.668595593;0.069307723;0.160254079
231;2016;Q3;area based;3;6+;0.476041679;0.477976612;0.375064277;0.580600098;0.530997139;0.664576199;0.055449232;0.116479785
232;2016;Q3;area based;4;0;10.55082604;10.46557914;7.332007604;13.94751761;7.989467393;14.78466922;1.760440463;0.16685333
233;2016;Q3;area based;4;1;2.900273758;2.893353417;1.995414947;3.756221367;2.485543311;4.047889785;0.441876356;0.152356775
234;2016;Q3;area based;4;2;3.984834329;4.331843669;2.597015203;5.36412411;2.876443586;5.650950325;0.969897957;0.24339731
235;2016;Q3;area based;4;3;3.872164735;3.879896652;3.153779647;4.524195907;3.724458628;5.050514174;0.370623805;0.095714886
236;2016;Q3;area based;4;4;2.081185909;2.07736403;1.770396108;2.381500718;1.802463963;2.415555409;0.154009275;0.074000729
237;2016;Q3;area based;4;5;0.441833515;0.437171629;0.307970442;0.588434545;0.382634204;0.64643351;0.069342671;0.156942985
238;2016;Q3;area based;4;6+;0.488918376;0.488155472;0.388174742;0.59229627;0.52721586;0.631261253;0.053432429;0.109287014
239;2016;Q3;area based;5;0;10.61641146;10.5706749;7.434878695;14.03514505;8.198289033;14.55289678;1.736486298;0.163566221
240;2016;Q3;area based;5;1;2.912550692;2.888434524;2.111830367;3.849245456;2.491007039;4.127320384;0.445512848;0.152963122
241;2016;Q3;area based;5;2;3.932931934;3.662672908;2.555406134;5.307418256;2.96937856;5.517270832;0.961431928;0.244456793
242;2016;Q3;area based;5;3;3.861510031;3.872760699;3.194764932;4.538128141;3.818685002;4.812843921;0.368703832;0.095481775
243;2016;Q3;area based;5;4;2.076537078;2.079085567;1.792906944;2.407855143;1.808091237;2.433388474;0.154784028;0.074539497
244;2016;Q3;area based;5;5;0.436403209;0.433596724;0.310832892;0.585727873;0.387075347;0.688650687;0.068614528;0.157227369
245;2016;Q3;area based;5;6+;0.480448088;0.476619394;0.381082832;0.59799579;0.52129086;0.678465403;0.055602483;0.115730469
246;2016;Q3;area based;C;0;10.57724786;10.553158;7.265440918;13.82538948;8.169895741;14.75936192;1.704913248;0.161186849
247;2016;Q3;area based;C;1;2.918074454;2.909897444;2.116914312;3.802729958;2.419701037;4.075708246;0.443320936;0.151922421
248;2016;Q3;area based;C;2;3.949405658;3.661052165;2.561252644;5.349259049;2.958476792;5.574748163;0.95851022;0.242697333
249;2016;Q3;area based;C;3;3.886488927;3.876969135;3.158315718;4.547163522;3.762579039;4.950379076;0.365431179;0.094026044
250;2016;Q3;area based;C;4;2.092259542;2.092186043;1.778336993;2.362877222;1.769255453;2.358591075;0.151886356;0.072594414
251;2016;Q3;area based;C;5;0.435189414;0.433023733;0.320710855;0.559093566;0.391473682;0.59710775;0.061608374;0.141566803
252;2016;Q3;area based;C;6+;0.482270652;0.485429867;0.371755401;0.583199896;0.538026827;0.626707299;0.055040959;0.114128775
253;2017;Q3;area based;1;0;1.4555403;1.434997261;0.79920159;2.188839979;1.208574208;2.496839936;0.367625556;0.252569823
254;2017;Q3;area based;1;1;15.34571277;15.52868036;11.00733769;20.51068907;11.01583968;20.56239557;2.683864154;0.174893418
255;2017;Q3;area based;1;2;1.818228119;1.747249675;1.21381517;2.690968808;1.510287468;3.16339741;0.407833933;0.224302951
256;2017;Q3;area based;1;3;1.356324115;1.352271351;1.084262865;1.692573389;1.016369212;1.599419181;0.15330133;0.113027062
257;2017;Q3;area based;1;4;1.125286008;1.117363702;0.869350384;1.432388834;0.924672413;1.49696133;0.147688066;0.131244915
258;2017;Q3;area based;1;5;0.67005456;0.65001888;0.445819096;0.995453944;0.475481811;1.050955297;0.150980468;0.225325633
259;2017;Q3;area based;1;6+;0.277284697;0.272525716;0.210330986;0.3711978;0.217429147;0.387527473;0.042256482;0.152393848
260;2017;Q3;area based;2;0;1.465783078;1.469212956;0.823762721;2.166273326;1.254560925;2.619445088;0.350622903;0.239205178
261;2017;Q3;area based;2;1;15.64197577;15.64807085;11.01445436;20.09334207;10.92770786;20.01891517;2.609965752;0.166856527
262;2017;Q3;area based;2;2;1.832647497;1.825940656;1.258513316;2.52567836;1.602343404;2.86973655;0.342996636;0.187159089
263;2017;Q3;area based;2;3;1.342153638;1.331950656;1.098233847;1.598959638;1.093801019;1.588897381;0.131248278;0.09778931
264;2017;Q3;area based;2;4;1.127792294;1.12542891;0.89976977;1.382427189;0.954026723;1.463811682;0.125981028;0.111705877
265;2017;Q3;area based;2;5;0.648752758;0.64239239;0.441322619;0.93178144;0.496403609;1.004553193;0.1292156;0.199175415
266;2017;Q3;area based;2;6+;0.275674322;0.274459458;0.221823206;0.338447497;0.226771492;0.346093828;0.03117008;0.113068493
267;2017;Q3;area based;3;0;1.461278077;1.479735375;0.821832323;2.168573833;1.24227666;2.591087016;0.349123182;0.238916321
268;2017;Q3;area based;3;1;15.65351843;15.6920087;10.82486287;20.08927841;10.68689213;19.94253627;2.547252641;0.162727163
269;2017;Q3;area based;3;2;1.813822062;1.806263705;1.252459634;2.499398578;1.671899206;2.98690563;0.322250133;0.177663587
270;2017;Q3;area based;3;3;1.344714371;1.342581337;1.064079495;1.611388849;1.029747534;1.567497072;0.137716163;0.102412948
271;2017;Q3;area based;3;4;1.129252293;1.124874835;0.910809835;1.369396798;0.96954566;1.401610961;0.116098049;0.102809664
272;2017;Q3;area based;3;5;0.653498749;0.654929757;0.429631936;0.893019213;0.510745676;1.00083423;0.118952114;0.182023477
273;2017;Q3;area based;3;6+;0.274315871;0.273386158;0.223473567;0.331895641;0.237201281;0.339687076;0.026908897;0.09809457
274;2017;Q3;area based;4;0;1.446325887;1.455608173;0.796906762;2.164965651;1.273619235;2.455004693;0.345163082;0.238648209
275;2017;Q3;area based;4;1;15.68927301;15.68862006;10.92110027;20.22729433;10.81939924;19.97520372;2.593516032;0.165305048
276;2017;Q3;area based;4;2;1.816591982;1.808780464;1.270556473;2.461655938;1.762383739;2.663383573;0.293054993;0.161321307
277;2017;Q3;area based;4;3;1.34419095;1.341630102;1.07424282;1.582711522;1.036117636;1.541506822;0.130137218;0.096814532
278;2017;Q3;area based;4;4;1.125352293;1.122058312;0.898510661;1.334803361;0.95044544;1.390589671;0.114490761;0.101737706
279;2017;Q3;area based;4;5;0.651173134;0.644281433;0.45770671;0.892918545;0.51330365;0.967097187;0.117056744;0.179762859
280;2017;Q3;area based;4;6+;0.276274585;0.276508529;0.224386562;0.324608489;0.233602038;0.336605764;0.026201423;0.094838338
281;2017;Q3;area based;5;0;1.483025547;1.465616402;0.790848412;2.177446076;1.218109571;2.798335751;0.362759329;0.244607607
282;2017;Q3;area based;5;1;15.68924305;15.70366907;10.98540226;20.13972921;10.7313384;20.00357964;2.651654953;0.169011019
283;2017;Q3;area based;5;2;1.806993042;1.785827251;1.225006183;2.46127837;1.637660106;2.771180432;0.322125619;0.178266109
284;2017;Q3;area based;5;3;1.33398703;1.333447877;1.081659819;1.60126538;1.069982934;1.578284709;0.13059418;0.097897639
285;2017;Q3;area based;5;4;1.131409675;1.130423625;0.917049338;1.343586931;0.973857453;1.38193421;0.109608361;0.096877694
286;2017;Q3;area based;5;5;0.660331877;0.657394567;0.451912963;0.891315847;0.497550191;0.934743566;0.116226948;0.17601293
287;2017;Q3;area based;5;6+;0.275308504;0.275189085;0.22263339;0.325667662;0.237206946;0.337566444;0.026470504;0.096148517
288;2017;Q3;area based;C;0;1.478336987;1.463494757;0.783455852;2.172678775;1.182670084;2.541838822;0.361681041;0.244653989
289;2017;Q3;area based;C;1;15.42741003;15.50621138;10.89503771;19.98792397;10.9284015;19.99401617;2.661306576;0.172505078
290;2017;Q3;area based;C;2;1.822203135;1.816004134;1.307428502;2.398340661;1.71484461;2.774008885;0.284509882;0.156135107
291;2017;Q3;area based;C;3;1.347619776;1.343936898;1.085301369;1.612215146;1.065912602;1.579212837;0.133171685;0.098819925
292;2017;Q3;area based;C;4;1.137230616;1.137578943;0.924691644;1.334860113;0.977544912;1.359753341;0.102549521;0.090174781
293;2017;Q3;area based;C;5;0.665722418;0.664113673;0.464884082;0.874216896;0.52411194;0.90558342;0.106275173;0.159638867
294;2017;Q3;area based;C;6+;0.275663634;0.276892886;0.226345464;0.318777638;0.236780134;0.333968149;0.02407424;0.08733194
295;2018;Q3;area based;1;0;0.797860656;0.802693669;0.442540737;1.175622812;0.507659962;1.286239517;0.194070748;0.2432389
296;2018;Q3;area based;1;1;2.259648555;2.25077481;1.551131693;2.992014481;1.522089975;2.914474197;0.399722802;0.176896005
297;2018;Q3;area based;1;2;4.912382276;4.918487754;4.350837829;5.464508168;4.114181795;5.254310478;0.286359233;0.058293353
298;2018;Q3;area based;1;3;0.956249568;0.926391694;0.664310598;1.395083777;0.666547967;1.439663185;0.200300582;0.209464755
299;2018;Q3;area based;1;4;0.7055085;0.702844043;0.360794921;1.258139361;0.368717352;1.315856348;0.250728764;0.355387305
300;2018;Q3;area based;1;5;0.34469438;0.333414157;0.201675625;0.579513581;0.220077492;0.655271012;0.095530887;0.277146632
301;2018;Q3;area based;1;6+;0.280703739;0.271415277;0.210243007;0.407128147;0.233886074;0.452841572;0.048913689;0.174253784
302;2018;Q3;area based;2;0;0.792330861;0.798927323;0.414695193;1.152925354;0.471794463;1.191942297;0.196522471;0.248030818
303;2018;Q3;area based;2;1;2.219393961;2.225575332;1.533948088;2.923310858;1.535475901;2.924530247;0.386766723;0.174266818
304;2018;Q3;area based;2;2;4.884518882;4.885729006;4.330992469;5.459978618;4.208392565;5.297708529;0.282039961;0.057741605
305;2018;Q3;area based;2;3;0.944076263;0.9199174;0.674105143;1.33519491;0.692299451;1.346149331;0.168867481;0.178870593
306;2018;Q3;area based;2;4;0.725824914;0.726270951;0.378622955;1.199336343;0.377731425;1.195841446;0.240267787;0.331027197
307;2018;Q3;area based;2;5;0.347587518;0.338188773;0.207032024;0.546297642;0.218091603;0.58944567;0.088079966;0.253403707
308;2018;Q3;area based;2;6+;0.283472685;0.277355011;0.21942452;0.375546121;0.237499897;0.418013488;0.040542233;0.143019894
309;2018;Q3;area based;3;0;0.800705555;0.803641834;0.412050102;1.166628636;0.49934694;1.220378811;0.185723816;0.231950203
310;2018;Q3;area based;3;1;2.237320351;2.252812609;1.540353526;2.943239992;1.53231143;2.907963499;0.381980323;0.170731171
311;2018;Q3;area based;3;2;4.909844983;4.911086557;4.408728999;5.386032286;4.227044317;5.204190476;0.263062744;0.053578625
312;2018;Q3;area based;3;3;0.936739497;0.932785001;0.700508218;1.254997205;0.701832894;1.25696517;0.149468601;0.159562612
313;2018;Q3;area based;3;4;0.716027991;0.718036336;0.375696475;1.161251645;0.38222086;1.168160041;0.223763307;0.312506368
314;2018;Q3;area based;3;5;0.339378998;0.333974587;0.215487546;0.482636901;0.234759272;0.508555363;0.071750792;0.21141789
315;2018;Q3;area based;3;6+;0.281520742;0.277803382;0.224049455;0.361581772;0.24219223;0.404235797;0.035461099;0.12596265
316;2018;Q3;area based;4;0;0.788405308;0.792339511;0.396668663;1.168751337;0.523164858;1.238781339;0.19315362;0.244992795
317;2018;Q3;area based;4;1;2.245439264;2.241670411;1.562106223;2.923155131;1.547760223;2.911773879;0.379884782;0.169180609
318;2018;Q3;area based;4;2;4.912400533;4.899753637;4.398516608;5.459600011;4.261289706;5.237233474;0.272061223;0.055382541
319;2018;Q3;area based;4;3;0.939752357;0.933881703;0.701847972;1.257982046;0.702590544;1.258846703;0.141322421;0.15038262
320;2018;Q3;area based;4;4;0.71511882;0.716900534;0.381056972;1.138937161;0.381813864;1.142842882;0.214640437;0.300146537
321;2018;Q3;area based;4;5;0.343111311;0.342376529;0.219914215;0.490339836;0.234618826;0.526902427;0.070213618;0.204638018
322;2018;Q3;area based;4;6+;0.28127489;0.279924943;0.218396423;0.34435542;0.240177759;0.36473238;0.031517937;0.112053861
323;2018;Q3;area based;5;0;0.788180728;0.79664053;0.396363796;1.135760471;0.453471412;1.192183999;0.200265737;0.254086062
324;2018;Q3;area based;5;1;2.240004988;2.253765086;1.523010625;2.895356494;1.506528794;2.859361047;0.389552949;0.173907179
325;2018;Q3;area based;5;2;4.894077143;4.892713443;4.365489089;5.404749152;4.162052388;5.20217285;0.265194165;0.054186756
326;2018;Q3;area based;5;3;0.941461437;0.935320301;0.689436796;1.209212634;0.689436796;1.209212634;0.142225352;0.151068697
327;2018;Q3;area based;5;4;0.724117779;0.717737933;0.376627488;1.145826549;0.379425414;1.1509243;0.226049893;0.312172825
328;2018;Q3;area based;5;5;0.346642363;0.347822137;0.21584448;0.48470435;0.220786716;0.494925013;0.075972436;0.219166624
329;2018;Q3;area based;5;6+;0.281128107;0.279913787;0.223882833;0.347343369;0.241957922;0.370967368;0.031052713;0.11045752
330;2018;Q3;area based;C;0;0.786033609;0.779325766;0.419806468;1.19345856;0.532927402;1.261624615;0.191161607;0.243197753
331;2018;Q3;area based;C;1;2.241223361;2.246854937;1.547978468;2.923428883;1.507434191;2.881132194;0.373392993;0.166602312
332;2018;Q3;area based;C;2;4.897232698;4.878958327;4.388629283;5.423165257;4.283581004;5.284328707;0.270953922;0.055327966
333;2018;Q3;area based;C;3;0.94625113;0.940783749;0.702127161;1.197839201;0.691946427;1.176081022;0.13365851;0.141250568
334;2018;Q3;area based;C;4;0.723067334;0.719503887;0.38063995;1.078148502;0.382519099;1.080357221;0.220922714;0.305535464
335;2018;Q3;area based;C;5;0.347025537;0.347460681;0.212673297;0.469467042;0.214485473;0.474027997;0.069139171;0.19923367
336;2018;Q3;area based;C;6+;0.282333706;0.281954817;0.221382275;0.34000766;0.240470111;0.353041361;0.029460456;0.104346225
